Sample	Study	Site	Country	Lat	Long	Year	ENA	All samples same individual	Population	% callable	QC pass	Exclusion reason	Is returning traveller
FP0009-C	1147-PF-MR-CONWAY	Kobeni	Mauritania	15.82083	-9.4145	2014	ERR1081238	FP0009-C	WAF	88.85	True	Analysis_set	False
PA0007-C	1006-PF-GM-CONWAY	Brikama	Gambia	13.27479	-16.64092	2008	ERR018933	PA0007-C	WAF	77.37	True	Analysis_set	False
PA0134-C	1026-PF-GN-CONWAY	Nzerekore	Guinea	7.753857000000001	-8.818703	2011	ERR063600	PA0134-C	WAF	90.47	True	Analysis_set	False
PC0005-Cx	1015-PF-KE-NZILA	Kilifi	Kenya	-3.625127	39.861088	2007	ERR199976	PC0005-Cx	EAF	72.3	True	Analysis_set	False
PD0022-C	1016-PF-TH-NOSTEN	Mae Sot	Thailand	16.771015	98.704491	2005	ERR211528	PD0022-C	WSEA	83.43	True	Analysis_set	False
PE0009-CW	1007-PF-TZ-DUFFY	Morogoro	Tanzania	-6.82008	37.661018	2010	ERR171645	PE0009-C,PE0009-CW	EAF	90.09	True	Analysis_set	False
PF0008-C	1017-PF-GH-AMENGA-ETEGO	Navrongo	Ghana	10.885568	-1.086617	2009	ERR211566	PF0008-C	WAF	86.24	True	Analysis_set	False
PH0022-C	1012-PF-KH-WHITE	Pailin	Cambodia	12.899497	102.629356	2007	ERR012734,ERR012294,ERR012801,ERR012728,ERR012831,ERR012804,ERR012757,ERR012661,ERR023686,ERR012722,ERR012744,ERR012783,ERR012735,ERR012664	PH0022-C	ESEA	89.04	True	Analysis_set	False
PK0007-C	1004-PF-BF-OUEDRAOGO	Bobo-Dioulasso	Burkina Faso	11.177055	-4.300861	2008	ERR012798	PK0007-C	WAF	65.87	True	Analysis_set	False
PL0002-01	1014-PF-SSA-SUTHERLAND	Mozambique returning traveller	Mozambique	-18.66569	35.52956	2009	ERR012698,ERR012642	PL0002-01	EAF	62.65	True	Analysis_set	True
PL0003-01W	1014-PF-SSA-SUTHERLAND	Uganda returning traveller	Uganda	1.37333	32.29028	2009	ERR012684,ERR012362	PL0003-01,PL0003-01W	EAF	88.06	True	Analysis_set	True
PM0004-C	1001-PF-ML-DJIMDE	Kolle	Mali	12.5546	-7.99805	2007	ERR015438,ERR015329,ERR015422,ERR015315	PM0004-C	WAF	72.77	True	Analysis_set	False
PN0004-C	1021-PF-PG-MUELLER	Madang	Papua New Guinea	-5.231136	145.78714399999996	2008	ERR175525	PN0004-C	OCE	81.25	True	Analysis_set	False
PP0002-C	1013-PF-PEGB-BRANCH	Iquitos, Loreto Province	Peru	-3.763541000000002	-73.267937	2011	ERR012671,ERR038339,ERR037220,ERR012834	PP0002-C	SAM	70.22	True	Analysis_set	False
PR0001-CW	1031-PF-SEA-PLOWE	Bandarban	Bangladesh	21.756949	92.383575	2008	ERR036596	PR0001-CW	SAS	89.62	True	Analysis_set	False
PT0002-CW	1022-PF-MW-OCHOLLA	Chikwawa	Malawi	-16.193575	34.7715	2011	ERR045656	PT0002-CW	EAF	89.48	True	Analysis_set	False
PV0002-C	1020-PF-VN-BONI	Binh Phuoc	Viet Nam	11.7184	106.832469	2009	ERR018908,ERR018906	PV0002-C	ESEA	88.61	True	Analysis_set	False
PW0001-C	1023-PF-CO-ECHEVERRI-GARCIA	Guapi	Colombia	2.543	-77.8435	2011	ERR042228	PW0001-C	SAM	89.15	True	Analysis_set	False
QC0111-C	1008-PF-SEA-RINGWALD	Kawthaung	Myanmar	9.997929	98.547649	2011	ERR126439	QC0111-C	WSEA	89.88	True	Analysis_set	False
QE0347-C	1008-PF-SEA-RINGWALD	Xepon	Laos	16.698683	106.206622	2010	ERR126489	QE0347-C	ESEA	90.27	True	Analysis_set	False
QG0010-C	1101-PF-CD-ONYAMBOKO	Kinshasa	Congo DR	-4.36939	15.320977	2012	ERR404149	QG0010-C	CAF	89.39	True	Analysis_set	False
QJ0001-C	1052-PF-TRAC-WHITE	Ilorin	Nigeria	8.488374	4.552897	2011	ERR246574	QJ0001-C,QJ0001-Cx	WAF	89.74	True	Analysis_set	False
QM0005-C	1102-PF-MG-RANDRIANARIVELOJOSIA	Maevatanana	Madagascar	-16.949555	46.8305	2012	ERR490351	QM0005-C	EAF	90.31	True	Analysis_set	False
QP0001-C	1093-PF-CM-APINJOH	Buea	Cameroon	4.1463800000000015	9.245531	2013	ERR562878	QP0001-C	WAF	89.49	True	Analysis_set	False
QQ0004-C	1100-PF-CI-YAVO	Yopougon	Ivory Coast	5.31767	-4.08999	2013	ERR636436	QQ0004-C	WAF	90.05	True	Analysis_set	False
QS0056-C	1098-PF-ET-GOLASSA	West Arsi Zone	Ethiopia	7.194791	38.59759	2013	ERR1035493	QS0056-C	EAF	88.45	True	Analysis_set	False
QT0001-C	1131-PF-BJ-BERTIN	Homel	Benin	6.3607027	2.4381709	2014	ERR924890	QT0001-C,QT0001-CW4,QT0001-CW5,QT0001-CW6	WAF	89.16	True	Analysis_set	False
QV0004-C	1135-PF-SN-CONWAY	Pikine	Senegal	14.75894	-17.39375	2013	ERR912896	QV0004-C	WAF	89.92	True	Analysis_set	False
FP0018-C	1147-PF-MR-CONWAY	Kobeni	Mauritania	15.82083	-9.4145	2014	ERR1081242	FP0018-C	WAF	89.05	True	Analysis_set	False
PA0011-C	1006-PF-GM-CONWAY	Brikama	Gambia	13.27479	-16.64092	2008	ERR015410	PA0011-C	WAF	89.55	True	Analysis_set	False
PA0136-C	1026-PF-GN-CONWAY	Nzerekore	Guinea	7.753857000000001	-8.818703	2011	ERR211448	PA0136-C	WAF	90.18	True	Analysis_set	False
PC0009-C	1015-PF-KE-NZILA	Kilifi	Kenya	-3.625127	39.861088	2007	ERR012409	PC0009-C	EAF	72.54	True	Analysis_set	False
PD0025-C	1010-PF-TH-ANDERSON	Mae Sot	Thailand	16.771015	98.704491	2005	ERR012435,ERR018891,ERR015334	PD0025-C	WSEA	87.15	True	Analysis_set	False
PE0010-C	1007-PF-TZ-DUFFY	Muheza	Tanzania	-4.844681	38.962097	2010	ERR018914	PE0010-C	EAF	89.8	True	Analysis_set	False
PF0011-C	1017-PF-GH-AMENGA-ETEGO	Navrongo	Ghana	10.885568	-1.086617	2009	ERR015326	PF0011-C	WAF	72.07	True	Analysis_set	False
PH0023-C	1011-PF-KH-SU	Pursat	Cambodia	12.372197	103.633575	2007	ERR012474,ERR012292,ERR012300	PH0023-C	ESEA	61.59	True	Analysis_set	False
PK0017-C	1004-PF-BF-OUEDRAOGO	Bobo-Dioulasso	Burkina Faso	11.177055	-4.300861	2008	ERR015412	PK0017-C	WAF	68.02	True	Analysis_set	False
PZ0001-CW	1024-PF-UG-BOUSEMA	Apac	Uganda	1.873254	32.548756	2010	ERR063571	PZ0001-CW	EAF	90.11	True	Analysis_set	False
PM0015-C	1001-PF-ML-DJIMDE	Faladje	Mali	13.1333	-8.3333	2007	ERR019937,ERR019936	PM0015-C	WAF	56.87	True	Analysis_set	False
PN0014-C	1021-PF-PG-MUELLER	Madang	Papua New Guinea	-5.231136	145.78714399999996	2008	ERR175529	PN0014-C	OCE	87.84	True	Analysis_set	False
PP0004-C	1013-PF-PEGB-BRANCH	Iquitos, Loreto Province	Peru	-3.763541000000002	-73.267937	2011	ERR012297,ERR012313	PP0004-C	SAM	75.37	True	Analysis_set	False
PR0002-CW	1031-PF-SEA-PLOWE	Bandarban	Bangladesh	21.756949	92.383575	2008	ERR036597	PR0002-CW	SAS	89.48	True	Analysis_set	False
PT0007-CW	1022-PF-MW-OCHOLLA	Chikwawa	Malawi	-16.193575	34.7715	2011	ERR045661	PT0007-CW	EAF	88.96	True	Analysis_set	False
PV0004-C	1020-PF-VN-BONI	Binh Phuoc	Viet Nam	11.7184	106.832469	2009	ERR015350	PV0004-C	ESEA	89.84	True	Analysis_set	False
PW0002-C	1023-PF-CO-ECHEVERRI-GARCIA	Tumaco	Colombia	1.5813	-78.6155	2011	ERR039930	PW0002-C	SAM	89.11	True	Analysis_set	False
QC0112-C	1008-PF-SEA-RINGWALD	Kawthaung	Myanmar	9.997929	98.547649	2011	ERR126487	QC0112-C	WSEA	90.16	True	Analysis_set	False
QE0348-C	1008-PF-SEA-RINGWALD	Xepon	Laos	16.698683	106.206622	2010	ERR126479	QE0348-C	ESEA	90.14	True	Analysis_set	False
QG0013-C	1101-PF-CD-ONYAMBOKO	Kinshasa	Congo DR	-4.36939	15.320977	2012	ERR404152	QG0013-C	CAF	87.99	True	Analysis_set	False
QJ0003-C	1052-PF-TRAC-WHITE	Ilorin	Nigeria	8.488374	4.552897	2012	ERR246576	QJ0003-C,QJ0003-Cx	WAF	90.33	True	Analysis_set	False
QM0006-C	1102-PF-MG-RANDRIANARIVELOJOSIA	Maevatanana	Madagascar	-16.949555	46.8305	2012	ERR490352	QM0006-C	EAF	90.1	True	Analysis_set	False
QP0002-C	1093-PF-CM-APINJOH	Buea	Cameroon	4.1463800000000015	9.245531	2013	ERR562854	QP0002-C	WAF	89.46	True	Analysis_set	False
QQ0005-C	1100-PF-CI-YAVO	Yopougon	Ivory Coast	5.31767	-4.08999	2013	ERR636439	QQ0005-C	WAF	90.23	True	Analysis_set	False
QS0104-C	1098-PF-ET-GOLASSA	West Arsi Zone	Ethiopia	7.194791	38.59759	2013	ERR1035536	QS0104-C	EAF	89.0	True	Analysis_set	False
QT0002-C	1131-PF-BJ-BERTIN	Homel	Benin	6.3607027	2.4381709	2014	ERR924891	QT0002-C,QT0002-CW4,QT0002-CW5,QT0002-CW6	WAF	89.17	True	Analysis_set	False
QV0005-C	1135-PF-SN-CONWAY	Pikine	Senegal	14.75894	-17.39375	2013	ERR912897	QV0005-C	WAF	89.63	True	Analysis_set	False
FP0020-C	1147-PF-MR-CONWAY	Kobeni	Mauritania	15.82083	-9.4145	2014	ERR1081243	FP0020-C	WAF	86.88	True	Analysis_set	False
PA0012-C	1006-PF-GM-CONWAY	Brikama	Gambia	13.27479	-16.64092	2008	ERR021977	PA0012-C	WAF	88.55	True	Analysis_set	False
PA0137-C	1026-PF-GN-CONWAY	Nzerekore	Guinea	7.753857000000001	-8.818703	2011	ERR055487	PA0137-C	WAF	89.72	True	Analysis_set	False
PC0019-C	1015-PF-KE-NZILA	Kilifi	Kenya	-3.625127	39.861088	2007	ERR012227	PC0019-C	EAF	77.19	True	Analysis_set	False
PD0026-C	1010-PF-TH-ANDERSON	Mae Sot	Thailand	16.771015	98.704491	2005	ERR022515,ERR018956	PD0026-C	WSEA	85.39	True	Analysis_set	False
PE0011-C	1007-PF-TZ-DUFFY	Muheza	Tanzania	-4.844681	38.962097	2010	ERR018915	PE0011-C	EAF	89.73	True	Analysis_set	False
PF0020-C	1017-PF-GH-AMENGA-ETEGO	Navrongo	Ghana	10.885568	-1.086617	2009	ERR199978	PF0020-C	WAF	77.89	True	Analysis_set	False
PH0024-C	1011-PF-KH-SU	Pursat	Cambodia	12.372197	103.633575	2007	ERR015385	PH0024-C	ESEA	89.07	True	Analysis_set	False
PK0027-C	1004-PF-BF-OUEDRAOGO	Bobo-Dioulasso	Burkina Faso	11.177055	-4.300861	2008	ERR012395,ERR012251	PK0027-C	WAF	77.53	True	Analysis_set	False
PZ0004-CW	1024-PF-UG-BOUSEMA	Apac	Uganda	1.873254	32.548756	2010	ERR063574	PZ0004-CW	EAF	90.27	True	Analysis_set	False
PM0017-C	1001-PF-ML-DJIMDE	Faladje	Mali	13.1333	-8.3333	2007	ERR015436,ERR015339,ERR015397,ERR015337	PM0017-C	WAF	74.75	True	Analysis_set	False
PN0015-C	1021-PF-PG-MUELLER	Madang	Papua New Guinea	-5.231136	145.78714399999996	2008	ERR019930,ERR019929	PN0015-C	OCE	75.09	True	Analysis_set	False
PP0005-C	1013-PF-PEGB-BRANCH	Iquitos, Loreto Province	Peru	-3.763541000000002	-73.267937	2011	ERR019545	PP0005-C	SAM	89.51	True	Analysis_set	False
PR0003-CW	1031-PF-SEA-PLOWE	Bandarban	Bangladesh	21.756949	92.383575	2008	ERR036598	PR0003-CW	SAS	89.19	True	Analysis_set	False
PT0008-CW	1022-PF-MW-OCHOLLA	Chikwawa	Malawi	-16.193575	34.7715	2011	ERR045662	PT0008-CW	EAF	89.66	True	Analysis_set	False
PV0006-C	1020-PF-VN-BONI	Binh Phuoc	Viet Nam	11.7184	106.832469	2009	ERR018909,ERR018907	PV0006-C	ESEA	89.13	True	Analysis_set	False
PW0003-C	1023-PF-CO-ECHEVERRI-GARCIA	Buenaventura	Colombia	3.639	-77.0888	2011	ERR042227	PW0003-C	SAM	89.08	True	Analysis_set	False
QC0113-C	1008-PF-SEA-RINGWALD	Kawthaung	Myanmar	9.997929	98.547649	2011	ERR126440	QC0113-C	WSEA	90.15	True	Analysis_set	False
QE0350-C	1008-PF-SEA-RINGWALD	Xepon	Laos	16.698683	106.206622	2010	ERR126526	QE0350-C	ESEA	79.64	True	Analysis_set	False
QG0014-C	1101-PF-CD-ONYAMBOKO	Kinshasa	Congo DR	-4.36939	15.320977	2012	ERR404153	QG0014-C	CAF	88.34	True	Analysis_set	False
QJ0005-C	1052-PF-TRAC-WHITE	Ilorin	Nigeria	8.488374	4.552897	2012	ERR426048	QJ0005-C	WAF	68.44	True	Analysis_set	False
QM0007-C	1102-PF-MG-RANDRIANARIVELOJOSIA	Maevatanana	Madagascar	-16.949555	46.8305	2012	ERR490353	QM0007-C	EAF	90.24	True	Analysis_set	False
QP0008-C	1093-PF-CM-APINJOH	Buea	Cameroon	4.1463800000000015	9.245531	2013	ERR580514	QP0008-C	WAF	84.27	True	Analysis_set	False
QQ0008-C	1100-PF-CI-YAVO	Yopougon	Ivory Coast	5.31767	-4.08999	2013	ERR636452	QQ0008-C	WAF	90.17	True	Analysis_set	False
QS0109-C	1098-PF-ET-GOLASSA	West Arsi Zone	Ethiopia	7.194791	38.59759	2013	ERR1045266	QS0109-C	EAF	90.33	True	Analysis_set	False
QT0004-C	1131-PF-BJ-BERTIN	Homel	Benin	6.3607027	2.4381709	2014	ERR924892	QT0004-C,QT0004-CW3,QT0004-CW4	WAF	84.19	True	Analysis_set	False
QV0008-C	1135-PF-SN-CONWAY	Pikine	Senegal	14.75894	-17.39375	2013	ERR912898	QV0008-C	WAF	89.97	True	Analysis_set	False
FP0021-C	1147-PF-MR-CONWAY	Kobeni	Mauritania	15.82083	-9.4145	2014	ERR1081244	FP0021-C	WAF	89.7	True	Analysis_set	False
PA0013-C	1006-PF-GM-CONWAY	Brikama	Gambia	13.27479	-16.64092	2008	ERR211480	PA0013-C	WAF	89.71	True	Analysis_set	False
PA0140-C	1026-PF-GN-CONWAY	Nzerekore	Guinea	7.753857000000001	-8.818703	2011	ERR055468	PA0140-C	WAF	86.44	True	Analysis_set	False
PC0023-C	1015-PF-KE-NZILA	Kilifi	Kenya	-3.625127	39.861088	2007	ERR012317	PC0023-C	EAF	79.19	True	Analysis_set	False
PD0027-C	1010-PF-TH-ANDERSON	Mae Sot	Thailand	16.771015	98.704491	2005	ERR012344,ERR015368,ERR018897,ERR018893	PD0027-C	WSEA	83.24	True	Analysis_set	False
PE0012-C	1007-PF-TZ-DUFFY	Muheza	Tanzania	-4.844681	38.962097	2010	ERR018916	PE0012-C	EAF	89.8	True	Analysis_set	False
PF0022-C	1017-PF-GH-AMENGA-ETEGO	Navrongo	Ghana	10.885568	-1.086617	2009	ERR018949	PF0022-C	WAF	90.09	True	Analysis_set	False
PH0027-Cx	1011-PF-KH-SU	Pursat	Cambodia	12.372197	103.633575	2007	ERR018894,ERR015364	PH0027-C,PH0027-Cx	ESEA	80.65	True	Analysis_set	False
PK0028-C	1004-PF-BF-OUEDRAOGO	Bobo-Dioulasso	Burkina Faso	11.177055	-4.300861	2008	ERR012402,ERR012442	PK0028-C	WAF	87.15	True	Analysis_set	False
PZ0007-C	1024-PF-UG-BOUSEMA	Apac	Uganda	1.873254	32.548756	2010	ERR063577	PZ0007-C	EAF	89.92	True	Analysis_set	False
PM0020-C	1001-PF-ML-DJIMDE	Faladje	Mali	13.1333	-8.3333	2007	ERR013230,ERR013240,ERR013215,ERR013257	PM0020-C	WAF	88.48	True	Analysis_set	False
PN0019-C	1021-PF-PG-MUELLER	Madang	Papua New Guinea	-5.231136	145.78714399999996	2008	ERR019931,ERR019932	PN0019-C	OCE	62.84	True	Analysis_set	False
PP0010-C	1013-PF-PEGB-BRANCH	Iquitos, Loreto Province	Peru	-3.763541000000002	-73.267937	2011	ERR022856	PP0010-C	SAM	88.92	True	Analysis_set	False
PR0005-CW	1031-PF-SEA-PLOWE	Bandarban	Bangladesh	21.756949	92.383575	2009	ERR036600	PR0005-CW	SAS	89.32	True	Analysis_set	False
PT0009-CW	1022-PF-MW-OCHOLLA	Chikwawa	Malawi	-16.193575	34.7715	2011	ERR045663	PT0009-CW	EAF	89.22	True	Analysis_set	False
PV0014-C	1020-PF-VN-BONI	Binh Phuoc	Viet Nam	11.7184	106.832469	2009	ERR199981	PV0014-C	ESEA	70.87	True	Analysis_set	False
PW0004-C	1023-PF-CO-ECHEVERRI-GARCIA	Tumaco	Colombia	1.5813	-78.6155	2011	ERR042226	PW0004-C	SAM	87.43	True	Analysis_set	False
QC0115-C	1008-PF-SEA-RINGWALD	Kawthaung	Myanmar	9.997929	98.547649	2011	ERR126463	QC0115-C	WSEA	90.14	True	Analysis_set	False
QE0352-C	1008-PF-SEA-RINGWALD	Xepon	Laos	16.698683	106.206622	2010	ERR126480	QE0352-C	ESEA	90.35	True	Analysis_set	False
QG0017-C	1101-PF-CD-ONYAMBOKO	Kinshasa	Congo DR	-4.36939	15.320977	2012	ERR404156	QG0017-C	CAF	89.38	True	Analysis_set	False
QJ0006-C	1103-PF-PDN-GMSN-NGWA	Bagdary	Nigeria	6.4150199999999975	2.88132	2014	ERR1172588	QJ0006-C	WAF	89.43	True	Analysis_set	False
QM0008-C	1102-PF-MG-RANDRIANARIVELOJOSIA	Maevatanana	Madagascar	-16.949555	46.8305	2012	ERR490354	QM0008-C	EAF	90.45	True	Analysis_set	False
QP0009-C	1093-PF-CM-APINJOH	Buea	Cameroon	4.1463800000000015	9.245531	2013	ERR580526	QP0009-C	WAF	89.28	True	Analysis_set	False
QQ0009-C	1100-PF-CI-YAVO	Yopougon	Ivory Coast	5.31767	-4.08999	2013	ERR636457	QQ0009-C	WAF	90.18	True	Analysis_set	False
QS0110-C	1098-PF-ET-GOLASSA	West Arsi Zone	Ethiopia	7.194791	38.59759	2013	ERR1045267	QS0110-C	EAF	90.01	True	Analysis_set	False
QT0005-C	1131-PF-BJ-BERTIN	Homel	Benin	6.3607027	2.4381709	2014	ERR924893	QT0005-C,QT0005-CW,QT0005-CW2,QT0005-CW3	WAF	88.88	True	Analysis_set	False
QV0013-C	1135-PF-SN-CONWAY	Pikine	Senegal	14.75894	-17.39375	2013	ERR912901	QV0013-C	WAF	80.56	True	Analysis_set	False
FP0022-C	1147-PF-MR-CONWAY	Kobeni	Mauritania	15.82083	-9.4145	2014	ERR1081245	FP0022-C	WAF	88.61	True	Analysis_set	False
PA0014-C	1006-PF-GM-CONWAY	Brikama	Gambia	13.27479	-16.64092	2008	ERR216473	PA0014-C	WAF	86.96	True	Analysis_set	False
PA0141-C	1026-PF-GN-CONWAY	Nzerekore	Guinea	7.753857000000001	-8.818703	2011	ERR211455	PA0141-C	WAF	90.21	True	Analysis_set	False
PC0026-C	1015-PF-KE-NZILA	Kilifi	Kenya	-3.625127	39.861088	2007	ERR012519	PC0026-C	EAF	60.92	True	Analysis_set	False
PD0028-C	1010-PF-TH-ANDERSON	Mae Sot	Thailand	16.771015	98.704491	2005	ERR012332,ERR015370	PD0028-C	WSEA	77.61	True	Analysis_set	False
PE0013-C	1007-PF-TZ-DUFFY	Muheza	Tanzania	-4.844681	38.962097	2010	ERR022906	PE0013-C	EAF	89.95	True	Analysis_set	False
PF0025-C	1017-PF-GH-AMENGA-ETEGO	Navrongo	Ghana	10.885568	-1.086617	2009	ERR015405	PF0025-C	WAF	65.7	True	Analysis_set	False
PH0028-Cx	1011-PF-KH-SU	Pursat	Cambodia	12.372197	103.633575	2007	ERR018895,ERR015320	PH0028-Cx	ESEA	82.37	True	Analysis_set	False
PK0031-C	1004-PF-BF-OUEDRAOGO	Bobo-Dioulasso	Burkina Faso	11.177055	-4.300861	2008	ERR012244,ERR012321	PK0031-C	WAF	77.43	True	Analysis_set	False
PZ0008-CW	1024-PF-UG-BOUSEMA	Apac	Uganda	1.873254	32.548756	2010	ERR063578	PZ0008-CW	EAF	89.9	True	Analysis_set	False
PM0021-C	1001-PF-ML-DJIMDE	Faladje	Mali	13.1333	-8.3333	2007	ERR015406,ERR015432,ERR015335,ERR015428	PM0021-C	WAF	85.11	True	Analysis_set	False
PN0020-C	1021-PF-PG-MUELLER	Madang	Papua New Guinea	-5.231136	145.78714399999996	2008	ERR012364	PN0020-C	OCE	51.45	True	Analysis_set	False
PP0011-C	1013-PF-PEGB-BRANCH	Iquitos, Loreto Province	Peru	-3.763541000000002	-73.267937	2011	ERR022855	PP0011-C	SAM	89.66	True	Analysis_set	False
PR0006-CW	1031-PF-SEA-PLOWE	Bandarban	Bangladesh	21.756949	92.383575	2009	ERR036602	PR0006-CW	SAS	89.48	True	Analysis_set	False
PT0014-CW	1022-PF-MW-OCHOLLA	Chikwawa	Malawi	-16.193575	34.7715	2011	ERR045666	PT0014-CW	EAF	89.46	True	Analysis_set	False
PV0018-C	1020-PF-VN-BONI	Binh Phuoc	Viet Nam	11.7184	106.832469	2009	ERR199984	PV0018-C	ESEA	75.19	True	Analysis_set	False
PW0005-C	1023-PF-CO-ECHEVERRI-GARCIA	Tumaco	Colombia	1.5813	-78.6155	2011	ERR042229	PW0005-C	SAM	88.87	True	Analysis_set	False
QC0119-C	1008-PF-SEA-RINGWALD	Kawthaung	Myanmar	9.997929	98.547649	2011	ERR126500	QC0119-C	WSEA	90.28	True	Analysis_set	False
QE0356-C	1008-PF-SEA-RINGWALD	Xepon	Laos	16.698683	106.206622	2010	ERR126004	QE0356-C	ESEA	81.87	True	Analysis_set	False
QG0021-C	1101-PF-CD-ONYAMBOKO	Kinshasa	Congo DR	-4.36939	15.320977	2012	ERR404161	QG0021-C	CAF	89.82	True	Analysis_set	False
QJ0007-C	1103-PF-PDN-GMSN-NGWA	Bagdary	Nigeria	6.4150199999999975	2.88132	2014	ERR1172589	QJ0007-C	WAF	89.96	True	Analysis_set	False
QM0009-C	1102-PF-MG-RANDRIANARIVELOJOSIA	Maevatanana	Madagascar	-16.949555	46.8305	2012	ERR490355	QM0009-C	EAF	90.55	True	Analysis_set	False
QP0010-C	1093-PF-CM-APINJOH	Buea	Cameroon	4.1463800000000015	9.245531	2013	ERR562834	QP0010-C	WAF	89.86	True	Analysis_set	False
QQ0024-C	1100-PF-CI-YAVO	Yopougon	Ivory Coast	5.31767	-4.08999	2013	ERR636469	QQ0024-C	WAF	90.26	True	Analysis_set	False
QS0116-C	1098-PF-ET-GOLASSA	West Arsi Zone	Ethiopia	7.194791	38.59759	2013	ERR1045271	QS0116-C	EAF	89.98	True	Analysis_set	False
QT0006-C	1131-PF-BJ-BERTIN	Homel	Benin	6.3607027	2.4381709	2014	ERR924897	QT0006-C,QT0006-CW4,QT0006-CW5,QT0006-CW6	WAF	87.31	True	Analysis_set	False
QV0014-C	1135-PF-SN-CONWAY	Pikine	Senegal	14.75894	-17.39375	2013	ERR912902	QV0014-C	WAF	89.87	True	Analysis_set	False
FP0023-C	1147-PF-MR-CONWAY	Kobeni	Mauritania	15.82083	-9.4145	2014	ERR1081246	FP0023-C	WAF	85.46	True	Analysis_set	False
PA0015-C	1006-PF-GM-CONWAY	Brikama	Gambia	13.27479	-16.64092	2008	ERR015429	PA0015-C	WAF	89.55	True	Analysis_set	False
PA0144-C	1026-PF-GN-CONWAY	Nzerekore	Guinea	7.753857000000001	-8.818703	2011	ERR063550	PA0144-C	WAF	90.16	True	Analysis_set	False
PC0031-C	1015-PF-KE-NZILA	Kilifi	Kenya	-3.625127	39.861088	2007	ERR012425	PC0031-C	EAF	75.29	True	Analysis_set	False
PD0029-C	1010-PF-TH-ANDERSON	Mae Sot	Thailand	16.771015	98.704491	2005	ERR012480,ERR015333,ERR018892	PD0029-C	WSEA	85.28	True	Analysis_set	False
PE0018-C	1007-PF-TZ-DUFFY	Muheza	Tanzania	-4.844681	38.962097	2010	ERR027092	PE0018-C	EAF	89.28	True	Analysis_set	False
PF0028-C	1017-PF-GH-AMENGA-ETEGO	Navrongo	Ghana	10.885568	-1.086617	2009	ERR015351	PF0028-C	WAF	70.43	True	Analysis_set	False
PH0031-Cx	1011-PF-KH-SU	Pursat	Cambodia	12.372197	103.633575	2007	ERR015389	PH0031-Cx	ESEA	82.23	True	Analysis_set	False
PK0042-C	1004-PF-BF-OUEDRAOGO	Bobo-Dioulasso	Burkina Faso	11.177055	-4.300861	2008	ERR012692,ERR012679	PK0042-C	WAF	59.24	True	Analysis_set	False
PZ0010-CW	1024-PF-UG-BOUSEMA	Apac	Uganda	1.873254	32.548756	2010	ERR063580	PZ0010-CW	EAF	89.97	True	Analysis_set	False
PM0033-C	1001-PF-ML-DJIMDE	Kolle	Mali	12.5546	-7.99805	2007	ERR012410,ERR012463,ERR012461,ERR012502	PM0033-C	WAF	53.99	True	Analysis_set	False
PN0022-C	1021-PF-PG-MUELLER	Madang	Papua New Guinea	-5.231136	145.78714399999996	2008	ERR012652,ERR012711,ERR012847,ERR012851	PN0022-C	OCE	75.99	True	Analysis_set	False
PP0012-C	1013-PF-PEGB-BRANCH	Iquitos, Loreto Province	Peru	-3.763541000000002	-73.267937	2011	ERR027113	PP0012-C	SAM	86.9	True	Analysis_set	False
PR0007-CW	1031-PF-SEA-PLOWE	Bandarban	Bangladesh	21.756949	92.383575	2009	ERR036603	PR0007-CW	SAS	89.68	True	Analysis_set	False
PT0018-CW	1022-PF-MW-OCHOLLA	Chikwawa	Malawi	-16.193575	34.7715	2011	ERR042683	PT0018-CW	EAF	86.75	True	Analysis_set	False
PV0020-C	1020-PF-VN-BONI	Binh Phuoc	Viet Nam	11.7184	106.832469	2009	ERR022899	PV0020-C	ESEA	83.16	True	Analysis_set	False
PW0006-C	1023-PF-CO-ECHEVERRI-GARCIA	Tumaco	Colombia	1.5813	-78.6155	2011	ERR042230	PW0006-C	SAM	89.46	True	Analysis_set	False
QC0120-C	1008-PF-SEA-RINGWALD	Kawthaung	Myanmar	9.997929	98.547649	2011	ERR126501	QC0120-C	WSEA	90.25	True	Analysis_set	False
QE0360-C	1008-PF-SEA-RINGWALD	Xepon	Laos	16.698683	106.206622	2010	ERR126431	QE0360-C	ESEA	89.7	True	Analysis_set	False
QG0023-C	1101-PF-CD-ONYAMBOKO	Kinshasa	Congo DR	-4.36939	15.320977	2012	ERR404163	QG0023-C	CAF	88.91	True	Analysis_set	False
QJ0008-C	1103-PF-PDN-GMSN-NGWA	Bagdary	Nigeria	6.4150199999999975	2.88132	2014	ERR1172590	QJ0008-C	WAF	89.61	True	Analysis_set	False
QM0011-C	1102-PF-MG-RANDRIANARIVELOJOSIA	Maevatanana	Madagascar	-16.949555	46.8305	2012	ERR490356	QM0011-C	EAF	90.42	True	Analysis_set	False
QP0011-C	1093-PF-CM-APINJOH	Buea	Cameroon	4.1463800000000015	9.245531	2013	ERR580489	QP0011-C	WAF	90.18	True	Analysis_set	False
QQ0027-C	1100-PF-CI-YAVO	Yopougon	Ivory Coast	5.31767	-4.08999	2013	ERR636431	QQ0027-C	WAF	89.87	True	Analysis_set	False
QS0129-C	1098-PF-ET-GOLASSA	West Arsi Zone	Ethiopia	7.194791	38.59759	2013	ERR1045283	QS0129-C	EAF	90.25	True	Analysis_set	False
QT0007-C	1131-PF-BJ-BERTIN	Homel	Benin	6.3607027	2.4381709	2014	ERR924898	QT0007-C	WAF	51.91	True	Analysis_set	False
QV0015-C	1135-PF-SN-CONWAY	Pikine	Senegal	14.75894	-17.39375	2013	ERR912903	QV0015-C	WAF	88.84	True	Analysis_set	False
FP0024-C	1147-PF-MR-CONWAY	Kobeni	Mauritania	15.82083	-9.4145	2014	ERR1081247	FP0024-C	WAF	82.0	True	Analysis_set	False
PA0016-C	1006-PF-GM-CONWAY	Brikama	Gambia	13.27479	-16.64092	2008	ERR015338	PA0016-C	WAF	89.93	True	Analysis_set	False
PA0149-C	1026-PF-GN-CONWAY	Nzerekore	Guinea	7.753857000000001	-8.818703	2011	ERR055497	PA0149-C	WAF	86.98	True	Analysis_set	False
PC0032-C	1015-PF-KE-NZILA	Kilifi	Kenya	-3.625127	39.861088	2007	ERR012494	PC0032-C	EAF	70.83	True	Analysis_set	False
PD0031-C	1010-PF-TH-ANDERSON	Mae Sot	Thailand	16.771015	98.704491	2005	ERR012473	PD0031-C	WSEA	57.21	True	Analysis_set	False
PE0019-C	1007-PF-TZ-DUFFY	Muheza	Tanzania	-4.844681	38.962097	2010	ERR022907	PE0019-C	EAF	89.72	True	Analysis_set	False
PF0031-C	1017-PF-GH-AMENGA-ETEGO	Navrongo	Ghana	10.885568	-1.086617	2009	ERR023660	PF0031-C	WAF	60.43	True	Analysis_set	False
PH0042-C	1011-PF-KH-SU	Pursat	Cambodia	12.372197	103.633575	2007	ERR012453,ERR012485	PH0042-C	ESEA	50.44	True	Analysis_set	False
PK0044-C	1004-PF-BF-OUEDRAOGO	Bobo-Dioulasso	Burkina Faso	11.177055	-4.300861	2008	ERR012338,ERR012259,ERR012753,ERR012510,ERR012506,ERR012382,ERR015360	PK0044-C	WAF	83.56	True	Analysis_set	False
PM0037-C	1001-PF-ML-DJIMDE	Kolle	Mali	12.5546	-7.99805	2007	ERR015416,ERR013227,ERR015418,ERR013249,ERR013260,ERR013229,ERR013210,ERR013236	PM0037-C	WAF	53.01	True	Analysis_set	False
PN0023-C	1021-PF-PG-MUELLER	Madang	Papua New Guinea	-5.231136	145.78714399999996	2008	ERR012780,ERR012691,ERR012853,ERR012738	PN0023-C	OCE	78.89	True	Analysis_set	False
PP0013-C	1013-PF-PEGB-BRANCH	Iquitos, Loreto Province	Peru	-3.763541000000002	-73.267937	2011	ERR123900	PP0013-C	SAM	89.84	True	Analysis_set	False
PR0008-CW	1031-PF-SEA-PLOWE	Bandarban	Bangladesh	21.756949	92.383575	2009	ERR036604	PR0008-CW	SAS	89.5	True	Analysis_set	False
PT0020-CW	1022-PF-MW-OCHOLLA	Chikwawa	Malawi	-16.193575	34.7715	2011	ERR042685	PT0020-CW	EAF	66.89	True	Analysis_set	False
PV0028-C	1020-PF-VN-BONI	Binh Phuoc	Viet Nam	11.7184	106.832469	2010	ERR022917	PV0028-C	ESEA	90.26	True	Analysis_set	False
PW0007-C	1023-PF-CO-ECHEVERRI-GARCIA	Tumaco	Colombia	1.5813	-78.6155	2011	ERR042222	PW0007-C	SAM	88.91	True	Analysis_set	False
QC0121-C	1008-PF-SEA-RINGWALD	Kawthaung	Myanmar	9.997929	98.547649	2011	ERR126502	QC0121-C	WSEA	90.06	True	Analysis_set	False
QE0361-C	1008-PF-SEA-RINGWALD	Xepon	Laos	16.698683	106.206622	2010	ERR126453	QE0361-C	ESEA	90.36	True	Analysis_set	False
QG0024-C	1101-PF-CD-ONYAMBOKO	Kinshasa	Congo DR	-4.36939	15.320977	2012	ERR404164	QG0024-C	CAF	88.34	True	Analysis_set	False
QJ0010-C	1103-PF-PDN-GMSN-NGWA	Bagdary	Nigeria	6.4150199999999975	2.88132	2014	ERR1172592	QJ0010-C	WAF	89.15	True	Analysis_set	False
QM0012-C	1102-PF-MG-RANDRIANARIVELOJOSIA	Maevatanana	Madagascar	-16.949555	46.8305	2012	ERR490357	QM0012-C	EAF	90.44	True	Analysis_set	False
QP0012-C	1093-PF-CM-APINJOH	Buea	Cameroon	4.1463800000000015	9.245531	2013	ERR562843	QP0012-C	WAF	90.36	True	Analysis_set	False
QQ0031-C	1100-PF-CI-YAVO	Yopougon	Ivory Coast	5.31767	-4.08999	2013	ERR636448	QQ0031-C	WAF	90.44	True	Analysis_set	False
QS0132-C	1098-PF-ET-GOLASSA	West Arsi Zone	Ethiopia	7.194791	38.59759	2013	ERR1045286	QS0132-C	EAF	90.26	True	Analysis_set	False
QT0009-C	1131-PF-BJ-BERTIN	Homel	Benin	6.3607027	2.4381709	2014	ERR924901	QT0009-C,QT0009-CW,QT0009-CW3,QT0009-CW4	WAF	87.32	True	Analysis_set	False
QV0016-C	1135-PF-SN-CONWAY	Pikine	Senegal	14.75894	-17.39375	2013	ERR912904	QV0016-C	WAF	89.67	True	Analysis_set	False
FP0028-C	1147-PF-MR-CONWAY	Kobeni	Mauritania	15.82083	-9.4145	2014	ERR1099210	FP0028-C	WAF	90.21	True	Analysis_set	False
PA0017-C	1006-PF-GM-CONWAY	Brikama	Gambia	13.27479	-16.64092	2008	ERR020112	PA0017-C	WAF	89.92	True	Analysis_set	False
PA0150-C	1026-PF-GN-CONWAY	Nzerekore	Guinea	7.753857000000001	-8.818703	2011	ERR059380	PA0150-C	WAF	80.9	True	Analysis_set	False
PC0033-C	1015-PF-KE-NZILA	Kilifi	Kenya	-3.625127	39.861088	2007	ERR012304	PC0033-C	EAF	72.82	True	Analysis_set	False
PD0033-C	1010-PF-TH-ANDERSON	Mae Sot	Thailand	16.771015	98.704491	2005	ERR018896,ERR012486,ERR012326,ERR015355,ERR012482	PD0033-C	WSEA	82.99	True	Analysis_set	False
PE0020-C	1007-PF-TZ-DUFFY	Muheza	Tanzania	-4.844681	38.962097	2010	ERR022920	PE0020-C	EAF	90.2	True	Analysis_set	False
PF0035-C	1017-PF-GH-AMENGA-ETEGO	Navrongo	Ghana	10.885568	-1.086617	2009	ERR018970	PF0035-C	WAF	89.8	True	Analysis_set	False
PH0043-C	1012-PF-KH-WHITE	Pailin	Cambodia	12.899497	102.629356	2007	ERR012314,ERR012407	PH0043-C	ESEA	89.51	True	Analysis_set	False
PK0045-C	1004-PF-BF-OUEDRAOGO	Bobo-Dioulasso	Burkina Faso	11.177055	-4.300861	2008	ERR012276,ERR012278	PK0045-C	WAF	66.52	True	Analysis_set	False
PM0042-C	1001-PF-ML-DJIMDE	Kolle	Mali	12.5546	-7.99805	2007	ERR012306,ERR012335,ERR012248,ERR012342,ERR012500	PM0042-C	WAF	84.41	True	Analysis_set	False
PN0025-C	1021-PF-PG-MUELLER	Madang	Papua New Guinea	-5.231136	145.78714399999996	2008	ERR012230	PN0025-C	OCE	78.21	True	Analysis_set	False
PP0014-C	1013-PF-PEGB-BRANCH	Iquitos, Loreto Province	Peru	-3.763541000000002	-73.267937	2011	ERR123901	PP0014-C	SAM	89.5	True	Analysis_set	False
PR0012-C	1031-PF-SEA-PLOWE	Bandarban	Bangladesh	21.756949	92.383575	2009	ERR019845	PR0012-C	SAS	87.43	True	Analysis_set	False
PT0021-CW	1022-PF-MW-OCHOLLA	Chikwawa	Malawi	-16.193575	34.7715	2011	ERR042686	PT0021-CW	EAF	85.64	True	Analysis_set	False
PV0031-C	1020-PF-VN-BONI	Binh Phuoc	Viet Nam	11.7184	106.832469	2009	ERR022914	PV0031-C	ESEA	90.07	True	Analysis_set	False
PW0008-C	1023-PF-CO-ECHEVERRI-GARCIA	Quibdo	Colombia	5.69541	-76.64141	2011	ERR039903	PW0008-C	SAM	88.9	True	Analysis_set	False
QC0122-C	1008-PF-SEA-RINGWALD	Kawthaung	Myanmar	9.997929	98.547649	2011	ERR126475	QC0122-C	WSEA	90.33	True	Analysis_set	False
QE0362-C	1008-PF-SEA-RINGWALD	Xepon	Laos	16.698683	106.206622	2010	ERR126454	QE0362-C	ESEA	69.78	True	Analysis_set	False
QG0025-C	1101-PF-CD-ONYAMBOKO	Kinshasa	Congo DR	-4.36939	15.320977	2012	ERR404165	QG0025-C	CAF	85.46	True	Analysis_set	False
QJ0018-C	1103-PF-PDN-GMSN-NGWA	Bagdary	Nigeria	6.4150199999999975	2.88132	2014	ERR1172594	QJ0018-C	WAF	86.85	True	Analysis_set	False
QM0020-C	1102-PF-MG-RANDRIANARIVELOJOSIA	Maevatanana	Madagascar	-16.949555	46.8305	2013	ERR516401	QM0020-C	EAF	85.33	True	Analysis_set	False
QP0014-C	1093-PF-CM-APINJOH	Buea	Cameroon	4.1463800000000015	9.245531	2013	ERR580510	QP0014-C	WAF	90.13	True	Analysis_set	False
QQ0032-C	1100-PF-CI-YAVO	Yopougon	Ivory Coast	5.31767	-4.08999	2013	ERR636453	QQ0032-C	WAF	90.25	True	Analysis_set	False
QS0133-C	1098-PF-ET-GOLASSA	West Arsi Zone	Ethiopia	7.194791	38.59759	2013	ERR1045287	QS0133-C	EAF	90.29	True	Analysis_set	False
QT0012-CW2	1131-PF-BJ-BERTIN	Homel	Benin	6.3607027	2.4381709	2014	ERR924908	QT0012-C,QT0012-CW,QT0012-CW2,QT0012-CW3	WAF	85.59	True	Analysis_set	False
QV0018-C	1135-PF-SN-CONWAY	Pikine	Senegal	14.75894	-17.39375	2013	ERR912905	QV0018-C	WAF	89.31	True	Analysis_set	False
FP0029-C	1147-PF-MR-CONWAY	Kobeni	Mauritania	15.82083	-9.4145	2014	ERR1099211	FP0029-C	WAF	88.73	True	Analysis_set	False
PA0018-C	1006-PF-GM-CONWAY	Brikama	Gambia	13.27479	-16.64092	2008	ERR015341	PA0018-C	WAF	89.72	True	Analysis_set	False
PA0151-C	1026-PF-GN-CONWAY	Nzerekore	Guinea	7.753857000000001	-8.818703	2011	ERR055482	PA0151-C	WAF	89.7	True	Analysis_set	False
PC0044-C	1015-PF-KE-NZILA	Kilifi	Kenya	-3.625127	39.861088	2007	ERR029094	PC0044-C	EAF	56.81	True	Analysis_set	False
PD0037-C	1010-PF-TH-ANDERSON	Mae Sot	Thailand	16.771015	98.704491	2003	ERR015383,ERR015324	PD0037-C	WSEA	89.35	True	Analysis_set	False
PE0021-C	1007-PF-TZ-DUFFY	Morogoro	Tanzania	-6.82008	37.661018	2010	ERR022908	PE0021-C	EAF	90.01	True	Analysis_set	False
PF0037-C	1017-PF-GH-AMENGA-ETEGO	Navrongo	Ghana	10.885568	-1.086617	2009	ERR263689	PF0037-C	WAF	85.72	True	Analysis_set	False
PH0044-C	1031-PF-SEA-PLOWE	Pailin	Cambodia	12.899497	102.629356	2008	ERR015372,ERR018918	PH0044-C	ESEA	89.72	True	Analysis_set	False
PK0052-C	1004-PF-BF-OUEDRAOGO	Bobo-Dioulasso	Burkina Faso	11.177055	-4.300861	2008	ERR012862,ERR012700,ERR012361	PK0052-C	WAF	79.33	True	Analysis_set	False
PM0047-C	1001-PF-ML-DJIMDE	Kolle	Mali	12.5546	-7.99805	2007	ERR019935,ERR019934	PM0047-C	WAF	84.46	True	Analysis_set	False
PN0031-C	1021-PF-PG-MUELLER	Madang	Papua New Guinea	-5.231136	145.78714399999996	2008	ERR175534	PN0031-C	OCE	89.03	True	Analysis_set	False
PP0015-C	1013-PF-PEGB-BRANCH	Iquitos, Loreto Province	Peru	-3.763541000000002	-73.267937	2011	ERR123902	PP0015-C	SAM	89.74	True	Analysis_set	False
PR0016-C	1031-PF-SEA-PLOWE	Bandarban	Bangladesh	21.756949	92.383575	2008	ERR039999	PR0016-C	SAS	80.35	True	Analysis_set	False
PT0023-CW	1022-PF-MW-OCHOLLA	Chikwawa	Malawi	-16.193575	34.7715	2011	ERR042687	PT0023-CW	EAF	84.27	True	Analysis_set	False
PV0035-C	1020-PF-VN-BONI	Binh Phuoc	Viet Nam	11.7184	106.832469	2010	ERR022915	PV0035-C	ESEA	90.01	True	Analysis_set	False
PW0009-C	1023-PF-CO-ECHEVERRI-GARCIA	Quibdo	Colombia	5.69541	-76.64141	2011	ERR039986	PW0009-C	SAM	88.56	True	Analysis_set	False
QC0123-C	1008-PF-SEA-RINGWALD	Kawthaung	Myanmar	9.997929	98.547649	2011	ERR126503	QC0123-C	WSEA	90.39	True	Analysis_set	False
QE0363-C	1008-PF-SEA-RINGWALD	Xepon	Laos	16.698683	106.206622	2010	ERR126465	QE0363-C	ESEA	90.15	True	Analysis_set	False
QG0026-C	1101-PF-CD-ONYAMBOKO	Kinshasa	Congo DR	-4.36939	15.320977	2012	ERR404166	QG0026-C	CAF	87.87	True	Analysis_set	False
QJ0019-C	1103-PF-PDN-GMSN-NGWA	Bagdary	Nigeria	6.4150199999999975	2.88132	2014	ERR1172595	QJ0019-C	WAF	89.05	True	Analysis_set	False
QM0027-C	1102-PF-MG-RANDRIANARIVELOJOSIA	Maevatanana	Madagascar	-16.949555	46.8305	2013	ERR516398	QM0027-C	EAF	90.32	True	Analysis_set	False
QP0019-C	1093-PF-CM-APINJOH	Buea	Cameroon	4.1463800000000015	9.245531	2013	ERR562831	QP0019-C	WAF	89.79	True	Analysis_set	False
QQ0039-C	1100-PF-CI-YAVO	Yopougon	Ivory Coast	5.31767	-4.08999	2013	ERR636432	QQ0039-C	WAF	89.81	True	Analysis_set	False
QS0135-C	1098-PF-ET-GOLASSA	West Arsi Zone	Ethiopia	7.194791	38.59759	2013	ERR1045288	QS0135-C	EAF	89.83	True	Analysis_set	False
QT0014-C	1131-PF-BJ-BERTIN	Homel	Benin	6.3607027	2.4381709	2014	ERR924911	QT0014-C	WAF	86.73	True	Analysis_set	False
QV0020-C	1135-PF-SN-CONWAY	Pikine	Senegal	14.75894	-17.39375	2013	ERR912907	QV0020-C	WAF	89.7	True	Analysis_set	False
FP0030-C	1147-PF-MR-CONWAY	Kobeni	Mauritania	15.82083	-9.4145	2014	ERR1099212	FP0030-C	WAF	89.76	True	Analysis_set	False
PA0020-C	1006-PF-GM-CONWAY	Brikama	Gambia	13.27479	-16.64092	2008	ERR015390	PA0020-C	WAF	89.75	True	Analysis_set	False
PA0152-C	1026-PF-GN-CONWAY	Nzerekore	Guinea	7.753857000000001	-8.818703	2011	ERR055493	PA0152-C	WAF	89.42	True	Analysis_set	False
PC0046-C	1015-PF-KE-NZILA	Kilifi	Kenya	-3.625127	39.861088	2007	ERR029095	PC0046-C	EAF	68.69	True	Analysis_set	False
PD0038-C	1010-PF-TH-ANDERSON	Mae Sot	Thailand	16.771015	98.704491	2003	ERR012384	PD0038-C	WSEA	65.39	True	Analysis_set	False
PE0022-C	1007-PF-TZ-DUFFY	Morogoro	Tanzania	-6.82008	37.661018	2010	ERR022531	PE0022-C	EAF	88.1	True	Analysis_set	False
PF0041-C	1017-PF-GH-AMENGA-ETEGO	Navrongo	Ghana	10.885568	-1.086617	2009	ERR199972	PF0041-C	WAF	85.12	True	Analysis_set	False
PH0045-C	1031-PF-SEA-PLOWE	Pailin	Cambodia	12.899497	102.629356	2008	ERR015336,ERR015376	PH0045-C,PH0135-C	ESEA	89.81	True	Analysis_set	False
PK0056-C	1004-PF-BF-OUEDRAOGO	Bobo-Dioulasso	Burkina Faso	11.177055	-4.300861	2008	ERR012742,ERR012741	PK0056-C	WAF	77.74	True	Analysis_set	False
PM0048-C	1001-PF-ML-DJIMDE	Kolle	Mali	12.5546	-7.99805	2007	ERR015357	PM0048-C	WAF	88.74	True	Analysis_set	False
PN0032-C	1021-PF-PG-MUELLER	Madang	Papua New Guinea	-5.231136	145.78714399999996	2008	ERR012761,ERR012807,ERR012716,ERR012723	PN0032-C	OCE	76.15	True	Analysis_set	False
PP0016-C	1013-PF-PEGB-BRANCH	Iquitos, Loreto Province	Peru	-3.763541000000002	-73.267937	2011	ERR123903	PP0016-C	SAM	89.4	True	Analysis_set	False
PR0019-C	1031-PF-SEA-PLOWE	Bandarban	Bangladesh	21.756949	92.383575	2008	ERR040022	PR0019-C	SAS	62.98	True	Analysis_set	False
PT0027-C	1022-PF-MW-OCHOLLA	Chikwawa	Malawi	-16.193575	34.7715	2011	ERR054068	PT0027-C	EAF	89.25	True	Analysis_set	False
PV0037-C	1020-PF-VN-BONI	Binh Phuoc	Viet Nam	11.7184	106.832469	2010	ERR023163	PV0037-C	ESEA	88.14	True	Analysis_set	False
PW0010-CW	1023-PF-CO-ECHEVERRI-GARCIA	Buenaventura	Colombia	3.639	-77.0888	2011	ERR042679	PW0010-CW	SAM	88.84	True	Analysis_set	False
QC0126-C	1008-PF-SEA-RINGWALD	Kawthaung	Myanmar	9.997929	98.547649	2011	ERR126513	QC0126-C	WSEA	90.36	True	Analysis_set	False
QE0364-C	1008-PF-SEA-RINGWALD	Xepon	Laos	16.698683	106.206622	2010	ERR126367	QE0364-C	ESEA	90.44	True	Analysis_set	False
QG0028-C	1101-PF-CD-ONYAMBOKO	Kinshasa	Congo DR	-4.36939	15.320977	2012	ERR404168	QG0028-C	CAF	86.07	True	Analysis_set	False
QJ0159-C	1103-PF-PDN-GMSN-NGWA	Bagdary	Nigeria	6.4150199999999975	2.88132	2014	ERR1172603	QJ0159-C	WAF	88.76	True	Analysis_set	False
QM0030-C	1102-PF-MG-RANDRIANARIVELOJOSIA	Maevatanana	Madagascar	-16.949555	46.8305	2013	ERR516400	QM0030-C	EAF	90.21	True	Analysis_set	False
QP0026-C	1093-PF-CM-APINJOH	Buea	Cameroon	4.1463800000000015	9.245531	2013	ERR580511	QP0026-C	WAF	89.5	True	Analysis_set	False
QQ0048-C	1100-PF-CI-YAVO	Abobo	Ivory Coast	5.41613	-4.0159	2013	ERR636010	QQ0048-C	WAF	90.24	True	Analysis_set	False
QS0144-C	1098-PF-ET-GOLASSA	West Arsi Zone	Ethiopia	7.194791	38.59759	2013	ERR1045295	QS0144-C	EAF	89.18	True	Analysis_set	False
QT0015-CW2	1131-PF-BJ-BERTIN	Homel	Benin	6.3607027	2.4381709	2014	ERR924913	QT0015-CW,QT0015-CW2,QT0015-CW3,QT0015-CW5	WAF	86.27	True	Analysis_set	False
QV0021-C	1135-PF-SN-CONWAY	Pikine	Senegal	14.75894	-17.39375	2013	ERR912908	QV0021-C	WAF	84.73	True	Analysis_set	False
FP0031-C	1147-PF-MR-CONWAY	Kobeni	Mauritania	15.82083	-9.4145	2014	ERR1099213	FP0031-C	WAF	82.81	True	Analysis_set	False
PA0022-C	1006-PF-GM-CONWAY	Brikama	Gambia	13.27479	-16.64092	2008	ERR018937	PA0022-C	WAF	82.48	True	Analysis_set	False
PA0157-C	1026-PF-GN-CONWAY	Nzerekore	Guinea	7.753857000000001	-8.818703	2011	ERR063603	PA0157-C	WAF	89.95	True	Analysis_set	False
PC0047-C	1015-PF-KE-NZILA	Kilifi	Kenya	-3.625127	39.861088	2007	ERR012481	PC0047-C	EAF	89.28	True	Analysis_set	False
PD0040-C	1010-PF-TH-ANDERSON	Mae Sot	Thailand	16.771015	98.704491	2004	ERR012324	PD0040-C	WSEA	56.4	True	Analysis_set	False
PE0024-C	1007-PF-TZ-DUFFY	Morogoro	Tanzania	-6.82008	37.661018	2010	ERR022909	PE0024-C	EAF	89.95	True	Analysis_set	False
PF0042-C	1017-PF-GH-AMENGA-ETEGO	Navrongo	Ghana	10.885568	-1.086617	2009	ERR036156,ERR023672	PF0042-C	WAF	87.08	True	Analysis_set	False
PH0047-Cx	1044-PF-KH-FAIRHURST	Pursat	Cambodia	12.372197	103.633575	2009	ERR039880	PH0047-Cx	ESEA	89.64	True	Analysis_set	False
PK0059-C	1004-PF-BF-OUEDRAOGO	Bobo-Dioulasso	Burkina Faso	11.177055	-4.300861	2008	ERR015378,ERR015374	PK0059-C	WAF	72.86	True	Analysis_set	False
PM0049-C	1001-PF-ML-DJIMDE	Kolle	Mali	12.5546	-7.99805	2007	ERR015377	PM0049-C	WAF	89.86	True	Analysis_set	False
PN0037-C	1021-PF-PG-MUELLER	Madang	Papua New Guinea	-5.231136	145.78714399999996	2008	ERR175546	PN0037-C	OCE	89.42	True	Analysis_set	False
PP0017-C	1013-PF-PEGB-BRANCH	Iquitos, Loreto Province	Peru	-3.763541000000002	-73.267937	2011	ERR114340	PP0017-C	SAM	89.9	True	Analysis_set	False
PR0032-C	1031-PF-SEA-PLOWE	Bandarban	Bangladesh	21.756949	92.383575	2009	ERR039997	PR0032-C	SAS	79.67	True	Analysis_set	False
PT0031-C	1022-PF-MW-OCHOLLA	Chikwawa	Malawi	-16.193575	34.7715	2011	ERR054070	PT0031-C	EAF	89.63	True	Analysis_set	False
PV0039-C	1020-PF-VN-BONI	Binh Phuoc	Viet Nam	11.7184	106.832469	2010	ERR211489	PV0039-C	ESEA	79.85	True	Analysis_set	False
PW0012-C	1023-PF-CO-ECHEVERRI-GARCIA	Quibdo	Colombia	5.69541	-76.64141	2011	ERR042224	PW0012-C	SAM	87.37	True	Analysis_set	False
QC0127-C	1008-PF-SEA-RINGWALD	Kawthaung	Myanmar	9.997929	98.547649	2011	ERR126415	QC0127-C	WSEA	90.37	True	Analysis_set	False
QE0365-C	1008-PF-SEA-RINGWALD	Xepon	Laos	16.698683	106.206622	2010	ERR126005	QE0365-C	ESEA	90.29	True	Analysis_set	False
QG0029-C	1101-PF-CD-ONYAMBOKO	Kinshasa	Congo DR	-4.36939	15.320977	2012	ERR404169	QG0029-C	CAF	88.26	True	Analysis_set	False
QJ0160-C	1103-PF-PDN-GMSN-NGWA	Bagdary	Nigeria	6.4150199999999975	2.88132	2014	ERR1172604	QJ0160-C	WAF	87.98	True	Analysis_set	False
QM0035-C	1102-PF-MG-RANDRIANARIVELOJOSIA	Maevatanana	Madagascar	-16.949555	46.8305	2013	ERR516404	QM0035-C	EAF	89.11	True	Analysis_set	False
QP0027-C	1093-PF-CM-APINJOH	Buea	Cameroon	4.1463800000000015	9.245531	2013	ERR580499	QP0027-C	WAF	89.83	True	Analysis_set	False
QQ0049-C	1100-PF-CI-YAVO	Abobo	Ivory Coast	5.41613	-4.0159	2013	ERR636423	QQ0049-C	WAF	90.35	True	Analysis_set	False
QS0154-C	1098-PF-ET-GOLASSA	Shewa Robit Town Health Centre	Ethiopia	9.991534199999998	39.9016142	2015	ERR1106575	QS0154-C	EAF	88.06	True	Analysis_set	False
QT0016-C	1131-PF-BJ-BERTIN	Homel	Benin	6.3607027	2.4381709	2014	ERR924915	QT0016-C	WAF	73.39	True	Analysis_set	False
QV0026-C	1135-PF-SN-CONWAY	Pikine	Senegal	14.75894	-17.39375	2013	ERR912909	QV0026-C	WAF	89.83	True	Analysis_set	False
FP0032-C	1147-PF-MR-CONWAY	Kobeni	Mauritania	15.82083	-9.4145	2014	ERR1081249	FP0032-C	WAF	88.59	True	Analysis_set	False
PA0026-C	1006-PF-GM-CONWAY	Brikama	Gambia	13.27479	-16.64092	2008	ERR023472	PA0026-C	WAF	73.31	True	Analysis_set	False
PA0158-C	1026-PF-GN-CONWAY	Nzerekore	Guinea	7.753857000000001	-8.818703	2011	ERR063542	PA0158-C	WAF	90.23	True	Analysis_set	False
PC0051-C	1015-PF-KE-NZILA	Kilifi	Kenya	-3.625127	39.861088	2007	ERR012456,ERR012489	PC0051-C	EAF	78.43	True	Analysis_set	False
PD0041-C	1010-PF-TH-ANDERSON	Mae Sot	Thailand	16.771015	98.704491	2004	ERR012303	PD0041-C	WSEA	58.14	True	Analysis_set	False
PE0028-C	1007-PF-TZ-DUFFY	Morogoro	Tanzania	-6.82008	37.661018	2010	ERR171647	PE0028-C	EAF	90.21	True	Analysis_set	False
PF0043-C	1017-PF-GH-AMENGA-ETEGO	Navrongo	Ghana	10.885568	-1.086617	2009	ERR018943	PF0043-C	WAF	89.45	True	Analysis_set	False
PH0051-Cx	1044-PF-KH-FAIRHURST	Pursat	Cambodia	12.372197	103.633575	2009	ERR039881	PH0051-Cx	ESEA	89.65	True	Analysis_set	False
PK0063-C	1004-PF-BF-OUEDRAOGO	Bobo-Dioulasso	Burkina Faso	11.177055	-4.300861	2008	ERR012819,ERR012295	PK0063-C	WAF	86.25	True	Analysis_set	False
PM0058-C	1001-PF-ML-DJIMDE	Kolle	Mali	12.5546	-7.99805	2007	ERR211514	PM0058-C	WAF	66.18	True	Analysis_set	False
PN0041-C	1021-PF-PG-MUELLER	Madang	Papua New Guinea	-5.231136	145.78714399999996	2008	ERR012229	PN0041-C	OCE	53.3	True	Analysis_set	False
PP0019-C	1145-PF-PE-GAMBOA	Loreto	Peru	-4.232469999999998	-74.21793000000002	2009	ERR590544	PP0019-C	SAM	88.94	True	Analysis_set	False
PR0042-C	1031-PF-SEA-PLOWE	Bandarban	Bangladesh	21.756949	92.383575	2009	ERR039917	PR0042-C	SAS	88.84	True	Analysis_set	False
PT0032-C	1022-PF-MW-OCHOLLA	Chikwawa	Malawi	-16.193575	34.7715	2011	ERR216472	PT0032-C	EAF	90.23	True	Analysis_set	False
PV0041-C	1020-PF-VN-BONI	Binh Phuoc	Viet Nam	11.7184	106.832469	2009	ERR023162	PV0041-C	ESEA	88.26	True	Analysis_set	False
PW0013-C	1023-PF-CO-ECHEVERRI-GARCIA	Guapi	Colombia	2.543	-77.8435	2011	ERR042231	PW0013-C	SAM	89.5	True	Analysis_set	False
QC0128-C	1008-PF-SEA-RINGWALD	Kawthaung	Myanmar	9.997929	98.547649	2011	ERR126488	QC0128-C	WSEA	90.21	True	Analysis_set	False
QE0367-C	1008-PF-SEA-RINGWALD	Xepon	Laos	16.698683	106.206622	2010	ERR126519	QE0367-C	ESEA	83.02	True	Analysis_set	False
QG0030-C	1101-PF-CD-ONYAMBOKO	Kinshasa	Congo DR	-4.36939	15.320977	2012	ERR404170	QG0030-C	CAF	58.71	True	Analysis_set	False
QJ0161-C	1103-PF-PDN-GMSN-NGWA	Bagdary	Nigeria	6.4150199999999975	2.88132	2014	ERR1172605	QJ0161-C	WAF	86.36	True	Analysis_set	False
QM0036-C	1102-PF-MG-RANDRIANARIVELOJOSIA	Maevatanana	Madagascar	-16.949555	46.8305	2013	ERR516405	QM0036-C	EAF	89.76	True	Analysis_set	False
QP0031-C	1093-PF-CM-APINJOH	Buea	Cameroon	4.1463800000000015	9.245531	2013	ERR562881	QP0031-C	WAF	90.29	True	Analysis_set	False
QQ0050-C	1100-PF-CI-YAVO	Abobo	Ivory Coast	5.41613	-4.0159	2013	ERR636428	QQ0050-C	WAF	90.04	True	Analysis_set	False
QS0155-C	1098-PF-ET-GOLASSA	Shewa Robit Town Health Centre	Ethiopia	9.991534199999998	39.9016142	2015	ERR1106606	QS0155-C	EAF	85.31	True	Analysis_set	False
QT0017-C	1131-PF-BJ-BERTIN	Homel	Benin	6.3607027	2.4381709	2014	ERR924916	QT0017-C,QT0017-CW4,QT0017-CW5,QT0017-CW6	WAF	76.76	True	Analysis_set	False
QV0030-C	1135-PF-SN-CONWAY	Pikine	Senegal	14.75894	-17.39375	2013	ERR912913	QV0030-C	WAF	89.67	True	Analysis_set	False
FP0033-C	1147-PF-MR-CONWAY	Kobeni	Mauritania	15.82083	-9.4145	2014	ERR1081250	FP0033-C	WAF	87.55	True	Analysis_set	False
PA0028-C	1006-PF-GM-CONWAY	Brikama	Gambia	13.27479	-16.64092	2008	ERR199979	PA0028-C	WAF	83.71	True	Analysis_set	False
PA0159-C	1026-PF-GN-CONWAY	Nzerekore	Guinea	7.753857000000001	-8.818703	2011	ERR059382	PA0159-C	WAF	90.45	True	Analysis_set	False
PC0053-C	1015-PF-KE-NZILA	Kilifi	Kenya	-3.625127	39.861088	2007	ERR126559	PC0053-C	EAF	90.02	True	Analysis_set	False
PD0042-C	1010-PF-TH-ANDERSON	Mae Sot	Thailand	16.771015	98.704491	2004	ERR012239	PD0042-C	WSEA	62.93	True	Analysis_set	False
PE0087-C	1095-PF-TZ-ISHENGOMA	Mkuzi-Muheza	Tanzania	-5.2410830000000015	38.82872	2013	ERR405240	PE0087-C	EAF	90.08	True	Analysis_set	False
PF0047-C	1017-PF-GH-AMENGA-ETEGO	Navrongo	Ghana	10.885568	-1.086617	2009	ERR018954,ERR036158	PF0047-C	WAF	89.5	True	Analysis_set	False
PH0055-C	1044-PF-KH-FAIRHURST	Pursat	Cambodia	12.372197	103.633575	2009	ERR015437	PH0055-C	ESEA	82.54	True	Analysis_set	False
PK0065-C	1004-PF-BF-OUEDRAOGO	Bobo-Dioulasso	Burkina Faso	11.177055	-4.300861	2008	ERR019927,ERR019928	PK0065-C	WAF	81.93	True	Analysis_set	False
PM0062-C	1001-PF-ML-DJIMDE	Kolle	Mali	12.5546	-7.99805	2007	ERR015425	PM0062-C	WAF	87.28	True	Analysis_set	False
PN0042-C	1021-PF-PG-MUELLER	Madang	Papua New Guinea	-5.231136	145.78714399999996	2008	ERR012234	PN0042-C	OCE	72.21	True	Analysis_set	False
PP0020-C	1145-PF-PE-GAMBOA	Loreto	Peru	-4.232469999999998	-74.21793000000002	2009	ERR590545	PP0020-C	SAM	89.17	True	Analysis_set	False
PR0043-C	1031-PF-SEA-PLOWE	Bandarban	Bangladesh	21.756949	92.383575	2009	ERR039914	PR0043-C	SAS	88.25	True	Analysis_set	False
PT0034-C	1022-PF-MW-OCHOLLA	Chikwawa	Malawi	-16.193575	34.7715	2011	ERR211564	PT0034-C	EAF	86.83	True	Analysis_set	False
PV0046-C	1020-PF-VN-BONI	Binh Phuoc	Viet Nam	11.7184	106.832469	2009	ERR022918	PV0046-C	ESEA	90.31	True	Analysis_set	False
PW0014-C	1023-PF-CO-ECHEVERRI-GARCIA	Guapi	Colombia	2.543	-77.8435	2011	ERR042233	PW0014-C	SAM	88.79	True	Analysis_set	False
QC0129-C	1008-PF-SEA-RINGWALD	Kawthaung	Myanmar	9.997929	98.547649	2011	ERR126560	QC0129-C	WSEA	90.09	True	Analysis_set	False
QE0368-C	1008-PF-SEA-RINGWALD	Xepon	Laos	16.698683	106.206622	2010	ERR126505	QE0368-C	ESEA	87.33	True	Analysis_set	False
QG0037-C	1101-PF-CD-ONYAMBOKO	Kinshasa	Congo DR	-4.36939	15.320977	2012	ERR377587	QG0037-C	CAF	89.59	True	Analysis_set	False
QJ0162-C	1103-PF-PDN-GMSN-NGWA	Bagdary	Nigeria	6.4150199999999975	2.88132	2014	ERR1172606	QJ0162-C	WAF	87.96	True	Analysis_set	False
QM0037-C	1102-PF-MG-RANDRIANARIVELOJOSIA	Maevatanana	Madagascar	-16.949555	46.8305	2013	ERR516396	QM0037-C	EAF	90.19	True	Analysis_set	False
QP0032-C	1093-PF-CM-APINJOH	Buea	Cameroon	4.1463800000000015	9.245531	2013	ERR580551	QP0032-C	WAF	87.93	True	Analysis_set	False
QQ0053-C	1100-PF-CI-YAVO	Abobo	Ivory Coast	5.41613	-4.0159	2013	ERR636440	QQ0053-C	WAF	71.79	True	Analysis_set	False
QS0157-C	1098-PF-ET-GOLASSA	Shewa Robit Town Health Centre	Ethiopia	9.991534199999998	39.9016142	2015	ERR1106577	QS0157-C	EAF	89.13	True	Analysis_set	False
QT0020-CW2	1131-PF-BJ-BERTIN	Homel	Benin	6.3607027	2.4381709	2014	ERR924921	QT0020-C,QT0020-CW,QT0020-CW2	WAF	86.16	True	Analysis_set	False
QV0031-C	1135-PF-SN-CONWAY	Pikine	Senegal	14.75894	-17.39375	2013	ERR912914	QV0031-C	WAF	89.24	True	Analysis_set	False
FP0035-C	1147-PF-MR-CONWAY	Kobeni	Mauritania	15.82083	-9.4145	2014	ERR1081252	FP0035-C	WAF	88.45	True	Analysis_set	False
PA0029-C	1006-PF-GM-CONWAY	Brikama	Gambia	13.27479	-16.64092	2008	ERR015381	PA0029-C	WAF	89.94	True	Analysis_set	False
PA0161-C	1026-PF-GN-CONWAY	Nzerekore	Guinea	7.753857000000001	-8.818703	2011	ERR063598	PA0161-C	WAF	90.19	True	Analysis_set	False
PC0054-C	1015-PF-KE-NZILA	Kilifi	Kenya	-3.625127	39.861088	2007	ERR029083	PC0054-C	EAF	72.95	True	Analysis_set	False
PD0043-C	1010-PF-TH-ANDERSON	Mae Sot	Thailand	16.771015	98.704491	2005	ERR012531	PD0043-C	WSEA	61.84	True	Analysis_set	False
PE0089-C	1095-PF-TZ-ISHENGOMA	Mkuzi-Muheza	Tanzania	-5.2410830000000015	38.82872	2013	ERR405243	PE0089-C	EAF	88.26	True	Analysis_set	False
PF0050-C	1017-PF-GH-AMENGA-ETEGO	Navrongo	Ghana	10.885568	-1.086617	2009	ERR023678	PF0050-C	WAF	51.06	True	Analysis_set	False
PH0057-C	1044-PF-KH-FAIRHURST	Pursat	Cambodia	12.372197	103.633575	2009	ERR015419	PH0057-C	ESEA	88.91	True	Analysis_set	False
PK0069-C	1004-PF-BF-OUEDRAOGO	Bobo-Dioulasso	Burkina Faso	11.177055	-4.300861	2008	ERR211532	PK0069-C	WAF	65.12	True	Analysis_set	False
PM0063-C	1001-PF-ML-DJIMDE	Kolle	Mali	12.5546	-7.99805	2007	ERR015328	PM0063-C	WAF	64.86	True	Analysis_set	False
PN0043-C	1021-PF-PG-MUELLER	Madang	Papua New Guinea	-5.231136	145.78714399999996	2008	ERR175535	PN0043-C	OCE	86.75	True	Analysis_set	False
PP0021-C	1145-PF-PE-GAMBOA	Loreto	Peru	-4.232469999999998	-74.21793000000002	2009	ERR590546	PP0021-C	SAM	88.09	True	Analysis_set	False
PR0044-C	1031-PF-SEA-PLOWE	Bandarban	Bangladesh	21.756949	92.383575	2009	ERR039886	PR0044-C	SAS	88.64	True	Analysis_set	False
PT0035-C	1022-PF-MW-OCHOLLA	Chikwawa	Malawi	-16.193575	34.7715	2011	ERR054071	PT0035-C	EAF	89.25	True	Analysis_set	False
PV0048-C	1020-PF-VN-BONI	Binh Phuoc	Viet Nam	11.7184	106.832469	2010	ERR022911	PV0048-C	ESEA	89.74	True	Analysis_set	False
PW0015-C	1023-PF-CO-ECHEVERRI-GARCIA	Guapi	Colombia	2.543	-77.8435	2011	ERR042232	PW0015-C	SAM	89.33	True	Analysis_set	False
QC0130-C	1008-PF-SEA-RINGWALD	Kawthaung	Myanmar	9.997929	98.547649	2011	ERR126547	QC0130-C	WSEA	90.02	True	Analysis_set	False
QE0369-C	1008-PF-SEA-RINGWALD	Xepon	Laos	16.698683	106.206622	2010	ERR126404	QE0369-C	ESEA	90.43	True	Analysis_set	False
QG0038-C	1101-PF-CD-ONYAMBOKO	Kinshasa	Congo DR	-4.36939	15.320977	2012	ERR377588	QG0038-C	CAF	85.93	True	Analysis_set	False
QJ0163-C	1103-PF-PDN-GMSN-NGWA	Bagdary	Nigeria	6.4150199999999975	2.88132	2014	ERR1172607	QJ0163-C	WAF	81.34	True	Analysis_set	False
QM0057-C	1102-PF-MG-RANDRIANARIVELOJOSIA	Maevatanana	Madagascar	-16.949555	46.8305	2013	ERR516403	QM0057-C	EAF	90.16	True	Analysis_set	False
QP0034-C	1093-PF-CM-APINJOH	Buea	Cameroon	4.1463800000000015	9.245531	2013	ERR580564	QP0034-C	WAF	87.6	True	Analysis_set	False
QQ0056-C	1100-PF-CI-YAVO	Abobo	Ivory Coast	5.41613	-4.0159	2013	ERR636454	QQ0056-C	WAF	89.79	True	Analysis_set	False
QS0159-C	1098-PF-ET-GOLASSA	Shewa Robit Town Health Centre	Ethiopia	9.991534199999998	39.9016142	2015	ERR1106579	QS0159-C	EAF	89.65	True	Analysis_set	False
QT0022-CW	1131-PF-BJ-BERTIN	Homel	Benin	6.3607027	2.4381709	2014	ERR924969	QT0022-CW	WAF	88.69	True	Analysis_set	False
QV0032-C	1135-PF-SN-CONWAY	Pikine	Senegal	14.75894	-17.39375	2013	ERR912915	QV0032-C	WAF	89.2	True	Analysis_set	False
FP0038-C	1147-PF-MR-CONWAY	Kobeni	Mauritania	15.82083	-9.4145	2014	ERR1081253	FP0038-C	WAF	89.49	True	Analysis_set	False
PA0032-C	1006-PF-GM-CONWAY	Brikama	Gambia	13.27479	-16.64092	2008	ERR020113	PA0032-C	WAF	89.56	True	Analysis_set	False
PA0164-C	1026-PF-GN-CONWAY	Nzerekore	Guinea	7.753857000000001	-8.818703	2011	ERR063539	PA0164-C	WAF	83.99	True	Analysis_set	False
PC0057-C	1015-PF-KE-NZILA	Kilifi	Kenya	-3.625127	39.861088	2007	ERR029085	PC0057-C	EAF	79.81	True	Analysis_set	False
PD0046-C	1010-PF-TH-ANDERSON	Mae Sot	Thailand	16.771015	98.704491	2005	ERR012420	PD0046-C	WSEA	71.11	True	Analysis_set	False
PE0090-C	1095-PF-TZ-ISHENGOMA	Mkuzi-Muheza	Tanzania	-5.2410830000000015	38.82872	2013	ERR405245	PE0090-C	EAF	89.96	True	Analysis_set	False
PF0052-C	1017-PF-GH-AMENGA-ETEGO	Navrongo	Ghana	10.885568	-1.086617	2009	ERR211545	PF0052-C	WAF	72.64	True	Analysis_set	False
PH0059-C	1044-PF-KH-FAIRHURST	Pursat	Cambodia	12.372197	103.633575	2009	ERR015401	PH0059-C	ESEA	86.06	True	Analysis_set	False
PK0070-C	1004-PF-BF-OUEDRAOGO	Bobo-Dioulasso	Burkina Faso	11.177055	-4.300861	2008	ERR019921,ERR019922,ERR012837,ERR012815	PK0070-C	WAF	88.95	True	Analysis_set	False
PM0068-C	1001-PF-ML-DJIMDE	Kolle	Mali	12.5546	-7.99805	2007	ERR199986	PM0068-C	WAF	67.48	True	Analysis_set	False
PN0044-C	1021-PF-PG-MUELLER	Madang	Papua New Guinea	-5.231136	145.78714399999996	2008	ERR012527	PN0044-C	OCE	53.44	True	Analysis_set	False
PP0023-C	1145-PF-PE-GAMBOA	Loreto	Peru	-4.232469999999998	-74.21793000000002	2009	ERR590548	PP0023-C	SAM	88.9	True	Analysis_set	False
PR0114-C	1052-PF-TRAC-WHITE	Ramu	Bangladesh	21.43199	92.101	2012	ERR216644	PR0114-C	SAS	89.26	True	Analysis_set	False
PT0040-C	1022-PF-MW-OCHOLLA	Chikwawa	Malawi	-16.193575	34.7715	2011	ERR054073	PT0040-C	EAF	77.76	True	Analysis_set	False
PV0080-C	1008-PF-SEA-RINGWALD	Phuoc Long	Viet Nam	10.81366	106.778	2010	ERR126391	PV0080-C	ESEA	89.41	True	Analysis_set	False
PW0016-C	1023-PF-CO-ECHEVERRI-GARCIA	Tumaco	Colombia	1.5813	-78.6155	2011	ERR039988	PW0016-C	SAM	88.82	True	Analysis_set	False
QC0131-C	1008-PF-SEA-RINGWALD	Kawthaung	Myanmar	9.997929	98.547649	2011	ERR126504	QC0131-C	WSEA	90.15	True	Analysis_set	False
QE0370-C	1008-PF-SEA-RINGWALD	Xepon	Laos	16.698683	106.206622	2010	ERR126006	QE0370-C	ESEA	89.67	True	Analysis_set	False
QG0044-C	1101-PF-CD-ONYAMBOKO	Kinshasa	Congo DR	-4.36939	15.320977	2012	ERR377581	QG0044-C	CAF	90.31	True	Analysis_set	False
QJ0164-C	1103-PF-PDN-GMSN-NGWA	Bagdary	Nigeria	6.4150199999999975	2.88132	2014	ERR1172608	QJ0164-C	WAF	88.19	True	Analysis_set	False
QM0077-C	1102-PF-MG-RANDRIANARIVELOJOSIA	Farafangana	Madagascar	-22.81741	47.81804	2014	ERR590538	QM0077-C	EAF	90.3	True	Analysis_set	False
QP0035-C	1093-PF-CM-APINJOH	Buea	Cameroon	4.1463800000000015	9.245531	2013	ERR580465	QP0035-C	WAF	89.95	True	Analysis_set	False
QQ0058-C	1100-PF-CI-YAVO	Abobo	Ivory Coast	5.41613	-4.0159	2013	ERR636461	QQ0058-C	WAF	90.34	True	Analysis_set	False
QS0162-C	1098-PF-ET-GOLASSA	Shewa Robit Town Health Centre	Ethiopia	9.991534199999998	39.9016142	2015	ERR1106581	QS0162-C	EAF	82.99	True	Analysis_set	False
QT0023-CW4	1131-PF-BJ-BERTIN	Homel	Benin	6.3607027	2.4381709	2014	ERR924970	QT0023-C,QT0023-CW,QT0023-CW2,QT0023-CW4	WAF	89.99	True	Analysis_set	False
QV0033-C	1135-PF-SN-CONWAY	Pikine	Senegal	14.75894	-17.39375	2013	ERR912916	QV0033-C	WAF	89.06	True	Analysis_set	False
FP0047-C	1147-PF-MR-CONWAY	Aioun	Mauritania	16.662907999999998	-9.6036465	2014	ERR1081259	FP0047-C	WAF	83.84	True	Analysis_set	False
PA0034-C	1006-PF-GM-CONWAY	Brikama	Gambia	13.27479	-16.64092	2008	ERR021975	PA0034-C	WAF	88.63	True	Analysis_set	False
PA0165-C	1026-PF-GN-CONWAY	Nzerekore	Guinea	7.753857000000001	-8.818703	2011	ERR059378	PA0165-C	WAF	90.39	True	Analysis_set	False
PC0063-C	1015-PF-KE-NZILA	Kilifi	Kenya	-3.625127	39.861088	2007	ERR012752,ERR012478	PC0063-C	EAF	89.22	True	Analysis_set	False
PD0048-C	1010-PF-TH-ANDERSON	Mae Sot	Thailand	16.771015	98.704491	2003	ERR012323	PD0048-C	WSEA	87.8	True	Analysis_set	False
PE0092-C	1095-PF-TZ-ISHENGOMA	Mkuzi-Muheza	Tanzania	-5.2410830000000015	38.82872	2013	ERR490334	PE0092-C	EAF	86.44	True	Analysis_set	False
PF0058-C	1017-PF-GH-AMENGA-ETEGO	Navrongo	Ghana	10.885568	-1.086617	2009	ERR018945	PF0058-C	WAF	89.8	True	Analysis_set	False
PH0060-C	1044-PF-KH-FAIRHURST	Pursat	Cambodia	12.372197	103.633575	2009	ERR015430	PH0060-C	ESEA	77.51	True	Analysis_set	False
PK0073-C	1004-PF-BF-OUEDRAOGO	Bobo-Dioulasso	Burkina Faso	11.177055	-4.300861	2008	ERR019925,ERR019926	PK0073-C	WAF	85.03	True	Analysis_set	False
PM0071-C	1001-PF-ML-DJIMDE	Kolle	Mali	12.5546	-7.99805	2007	ERR018900	PM0071-C	WAF	88.92	True	Analysis_set	False
PN0055-Cx	1021-PF-PG-MUELLER	Madang	Papua New Guinea	-5.231136	145.78714399999996	2008	ERR216461	PN0055-C,PN0055-Cx	OCE	89.76	True	Analysis_set	False
PP0024-C	1145-PF-PE-GAMBOA	Loreto	Peru	-4.232469999999998	-74.21793000000002	2009	ERR590549	PP0024-C	SAM	88.5	True	Analysis_set	False
PR0115-C	1052-PF-TRAC-WHITE	Ramu	Bangladesh	21.43199	92.101	2012	ERR216530	PR0115-C	SAS	89.96	True	Analysis_set	False
PT0041-C	1022-PF-MW-OCHOLLA	Chikwawa	Malawi	-16.193575	34.7715	2011	ERR054074	PT0041-C	EAF	89.73	True	Analysis_set	False
PV0081-C	1008-PF-SEA-RINGWALD	Phuoc Long	Viet Nam	10.81366	106.778	2010	ERR128859	PV0081-C	ESEA	90.38	True	Analysis_set	False
PW0017-C	1023-PF-CO-ECHEVERRI-GARCIA	Buenaventura	Colombia	3.639	-77.0888	2011	ERR042223	PW0017-C	SAM	85.32	True	Analysis_set	False
QC0132-C	1008-PF-SEA-RINGWALD	Kawthaung	Myanmar	9.997929	98.547649	2011	ERR126427	QC0132-C	WSEA	90.21	True	Analysis_set	False
QE0371-C	1008-PF-SEA-RINGWALD	Xepon	Laos	16.698683	106.206622	2010	ERR126007	QE0371-C	ESEA	89.94	True	Analysis_set	False
QG0047-C	1101-PF-CD-ONYAMBOKO	Kinshasa	Congo DR	-4.36939	15.320977	2012	ERR417625	QG0047-C	CAF	87.09	True	Analysis_set	False
QJ0165-C	1103-PF-PDN-GMSN-NGWA	Bagdary	Nigeria	6.4150199999999975	2.88132	2014	ERR1214225	QJ0165-C	WAF	85.52	True	Analysis_set	False
QM0124-C	1102-PF-MG-RANDRIANARIVELOJOSIA	Antsohihy	Madagascar	-14.885129999999998	47.99607	2014	ERR590537	QM0124-C	EAF	51.86	True	Analysis_set	False
QP0036-C	1093-PF-CM-APINJOH	Buea	Cameroon	4.1463800000000015	9.245531	2013	ERR580466	QP0036-C	WAF	90.38	True	Analysis_set	False
QQ0061-C	1100-PF-CI-YAVO	Abobo	Ivory Coast	5.41613	-4.0159	2013	ERR636424	QQ0061-C	WAF	90.14	True	Analysis_set	False
QS0163-C	1098-PF-ET-GOLASSA	Shewa Robit Town Health Centre	Ethiopia	9.991534199999998	39.9016142	2015	ERR1106582	QS0163-C	EAF	86.8	True	Analysis_set	False
QT0024-C	1131-PF-BJ-BERTIN	Homel	Benin	6.3607027	2.4381709	2014	ERR924926	QT0024-C,QT0024-CW,QT0024-CW2	WAF	85.79	True	Analysis_set	False
QV0035-C	1135-PF-SN-CONWAY	Pikine	Senegal	14.75894	-17.39375	2013	ERR912917	QV0035-C	WAF	89.71	True	Analysis_set	False
FP0048-C	1147-PF-MR-CONWAY	Aioun	Mauritania	16.662907999999998	-9.6036465	2014	ERR1081260	FP0048-C	WAF	85.87	True	Analysis_set	False
PA0035-C	1006-PF-GM-CONWAY	Brikama	Gambia	13.27479	-16.64092	2008	ERR018904,ERR015361	PA0035-C	WAF	89.9	True	Analysis_set	False
PA0167-C	1026-PF-GN-CONWAY	Nzerekore	Guinea	7.753857000000001	-8.818703	2011	ERR059407	PA0167-C	WAF	90.56	True	Analysis_set	False
PC0064-C	1015-PF-KE-NZILA	Kilifi	Kenya	-3.625127	39.861088	2007	ERR012428	PC0064-C	EAF	86.8	True	Analysis_set	False
PD0052-C	1010-PF-TH-ANDERSON	Mae Sot	Thailand	16.771015	98.704491	2004	ERR012515	PD0052-C	WSEA	62.24	True	Analysis_set	False
PE0093-C	1095-PF-TZ-ISHENGOMA	Mkuzi-Muheza	Tanzania	-5.2410830000000015	38.82872	2013	ERR490338	PE0093-C	EAF	84.18	True	Analysis_set	False
PF0062-C	1017-PF-GH-AMENGA-ETEGO	Navrongo	Ghana	10.885568	-1.086617	2009	ERR018969,ERR036162	PF0062-C	WAF	89.56	True	Analysis_set	False
PH0064-C	1044-PF-KH-FAIRHURST	Pursat	Cambodia	12.372197	103.633575	2009	ERR018972	PH0064-C	ESEA	82.91	True	Analysis_set	False
PK0075-C	1004-PF-BF-OUEDRAOGO	Bobo-Dioulasso	Burkina Faso	11.177055	-4.300861	2008	ERR015427,ERR015373	PK0075-C	WAF	62.36	True	Analysis_set	False
PM0074-C	1001-PF-ML-DJIMDE	Kolle	Mali	12.5546	-7.99805	2007	ERR015391	PM0074-C	WAF	86.94	True	Analysis_set	False
PN0056-C	1021-PF-PG-MUELLER	Madang	Papua New Guinea	-5.231136	145.78714399999996	2008	ERR018911	PN0056-C	OCE	88.18	True	Analysis_set	False
PP0025-C	1145-PF-PE-GAMBOA	Loreto	Peru	-4.232469999999998	-74.21793000000002	2009	ERR590550	PP0025-C	SAM	87.52	True	Analysis_set	False
PR0117-C	1052-PF-TRAC-WHITE	Ramu	Bangladesh	21.43199	92.101	2012	ERR216645	PR0117-C	SAS	90.39	True	Analysis_set	False
PT0042-C	1022-PF-MW-OCHOLLA	Chikwawa	Malawi	-16.193575	34.7715	2011	ERR054075	PT0042-C	EAF	89.58	True	Analysis_set	False
PV0082-C	1008-PF-SEA-RINGWALD	Phuoc Long	Viet Nam	10.81366	106.778	2010	ERR126562	PV0082-C	ESEA	90.28	True	Analysis_set	False
QC0133-C	1008-PF-SEA-RINGWALD	Kawthaung	Myanmar	9.997929	98.547649	2011	ERR126451	QC0133-C	WSEA	84.4	True	Analysis_set	False
QE0372-C	1008-PF-SEA-RINGWALD	Xepon	Laos	16.698683	106.206622	2010	ERR126443	QE0372-C	ESEA	89.98	True	Analysis_set	False
QG0050-C	1101-PF-CD-ONYAMBOKO	Kinshasa	Congo DR	-4.36939	15.320977	2012	ERR417628	QG0050-C	CAF	84.68	True	Analysis_set	False
QJ0167-C	1103-PF-PDN-GMSN-NGWA	Bagdary	Nigeria	6.4150199999999975	2.88132	2014	ERR1172609	QJ0167-C	WAF	88.48	True	Analysis_set	False
QM0125-C	1102-PF-MG-RANDRIANARIVELOJOSIA	Antsohihy	Madagascar	-14.885129999999998	47.99607	2014	ERR590539	QM0125-C	EAF	57.85	True	Analysis_set	False
QP0037-C	1093-PF-CM-APINJOH	Buea	Cameroon	4.1463800000000015	9.245531	2013	ERR580486	QP0037-C	WAF	89.91	True	Analysis_set	False
QQ0063-C	1100-PF-CI-YAVO	Abobo	Ivory Coast	5.41613	-4.0159	2013	ERR636434	QQ0063-C	WAF	90.23	True	Analysis_set	False
QS0168-C	1098-PF-ET-GOLASSA	Shewa Robit Town Health Centre	Ethiopia	9.991534199999998	39.9016142	2015	ERR1106586	QS0168-C	EAF	87.42	True	Analysis_set	False
QT0025-C	1131-PF-BJ-BERTIN	Homel	Benin	6.3607027	2.4381709	2014	ERR924929	QT0025-C	WAF	53.48	True	Analysis_set	False
QV0037-C	1135-PF-SN-CONWAY	Pikine	Senegal	14.75894	-17.39375	2013	ERR912918	QV0037-C	WAF	87.1	True	Analysis_set	False
FP0052-C	1147-PF-MR-CONWAY	Selibaby	Mauritania	15.15874	-12.34639	2014	ERR1081262	FP0052-C	WAF	86.22	True	Analysis_set	False
PA0036-C	1006-PF-GM-CONWAY	Brikama	Gambia	13.27479	-16.64092	2008	ERR015398	PA0036-C	WAF	89.71	True	Analysis_set	False
PA0168-C	1026-PF-GN-CONWAY	Nzerekore	Guinea	7.753857000000001	-8.818703	2011	ERR063547	PA0168-C	WAF	90.32	True	Analysis_set	False
PC0066-C	1015-PF-KE-NZILA	Kilifi	Kenya	-3.625127	39.861088	2007	ERR223047	PC0066-C	EAF	90.46	True	Analysis_set	False
PD0053-C	1010-PF-TH-ANDERSON	Mae Sot	Thailand	16.771015	98.704491	2005	ERR012282	PD0053-C	WSEA	62.49	True	Analysis_set	False
PE0096-C	1095-PF-TZ-ISHENGOMA	Mkuzi-Muheza	Tanzania	-5.2410830000000015	38.82872	2013	ERR405237	PE0096-C	EAF	87.25	True	Analysis_set	False
PF0073-C	1017-PF-GH-AMENGA-ETEGO	Navrongo	Ghana	10.885568	-1.086617	2009	ERR018967,ERR036155	PF0073-C	WAF	89.64	True	Analysis_set	False
PH0105-C	1031-PF-SEA-PLOWE	Pailin	Cambodia	12.899497	102.629356	2009	ERR022902	PH0105-C	ESEA	86.53	True	Analysis_set	False
PM0086-C	1001-PF-ML-DJIMDE	Kolle	Mali	12.5546	-7.99805	2007	ERR211451	PM0086-C	WAF	76.69	True	Analysis_set	False
PN0057-C	1021-PF-PG-MUELLER	Madang	Papua New Guinea	-5.231136	145.78714399999996	2009	ERR015321	PN0057-C	OCE	87.93	True	Analysis_set	False
PP0026-C	1145-PF-PE-GAMBOA	Loreto	Peru	-4.232469999999998	-74.21793000000002	2009	ERR590551	PP0026-C	SAM	87.29	True	Analysis_set	False
PR0118-C	1052-PF-TRAC-WHITE	Ramu	Bangladesh	21.43199	92.101	2012	ERR216532	PR0118-C	SAS	89.32	True	Analysis_set	False
PT0048-C	1022-PF-MW-OCHOLLA	Chikwawa	Malawi	-16.193575	34.7715	2011	ERR054078	PT0048-C	EAF	89.67	True	Analysis_set	False
PV0083-C	1008-PF-SEA-RINGWALD	Phuoc Long	Viet Nam	10.81366	106.778	2010	ERR126370	PV0083-C	ESEA	90.35	True	Analysis_set	False
QC0134-C	1008-PF-SEA-RINGWALD	Kawthaung	Myanmar	9.997929	98.547649	2011	ERR126416	QC0134-C	WSEA	88.74	True	Analysis_set	False
QE0373-C	1008-PF-SEA-RINGWALD	Xepon	Laos	16.698683	106.206622	2010	ERR126008	QE0373-C	ESEA	89.28	True	Analysis_set	False
QG0056-C	1101-PF-CD-ONYAMBOKO	Kinshasa	Congo DR	-4.36939	15.320977	2012	ERR417621	QG0056-C	CAF	89.08	True	Analysis_set	False
QJ0168-C	1103-PF-PDN-GMSN-NGWA	Bagdary	Nigeria	6.4150199999999975	2.88132	2014	ERR1172610	QJ0168-C	WAF	85.5	True	Analysis_set	False
QM0132-C	1102-PF-MG-RANDRIANARIVELOJOSIA	Antsohihy	Madagascar	-14.885129999999998	47.99607	2014	ERR590541	QM0132-C	EAF	89.36	True	Analysis_set	False
QP0038-C	1093-PF-CM-APINJOH	Buea	Cameroon	4.1463800000000015	9.245531	2013	ERR562818	QP0038-C	WAF	90.28	True	Analysis_set	False
QQ0066-C	1100-PF-CI-YAVO	Abobo	Ivory Coast	5.41613	-4.0159	2013	ERR636445	QQ0066-C	WAF	90.35	True	Analysis_set	False
QS0169-C	1098-PF-ET-GOLASSA	Shewa Robit Town Health Centre	Ethiopia	9.991534199999998	39.9016142	2015	ERR1106587	QS0169-C	EAF	87.76	True	Analysis_set	False
QT0026-CW4	1131-PF-BJ-BERTIN	Homel	Benin	6.3607027	2.4381709	2014	ERR924971	QT0026-C,QT0026-CW,QT0026-CW2,QT0026-CW4	WAF	87.81	True	Analysis_set	False
QV0038-C	1135-PF-SN-CONWAY	Pikine	Senegal	14.75894	-17.39375	2013	ERR912919	QV0038-C	WAF	88.44	True	Analysis_set	False
FP0054-C	1147-PF-MR-CONWAY	Selibaby	Mauritania	15.15874	-12.34639	2014	ERR1081263	FP0054-C	WAF	88.21	True	Analysis_set	False
PA0037-C	1006-PF-GM-CONWAY	Brikama	Gambia	13.27479	-16.64092	2008	ERR015439	PA0037-C	WAF	89.53	True	Analysis_set	False
PA0169-C	1026-PF-GN-CONWAY	Nzerekore	Guinea	7.753857000000001	-8.818703	2011	ERR063549	PA0169-C	WAF	90.27	True	Analysis_set	False
PC0067-C	1015-PF-KE-NZILA	Kilifi	Kenya	-3.625127	39.861088	2007	ERR223039	PC0067-C	EAF	89.94	True	Analysis_set	False
PD0056-C	1010-PF-TH-ANDERSON	Mae Sot	Thailand	16.771015	98.704491	2004	ERR012841	PD0056-C	WSEA	89.05	True	Analysis_set	False
PE0098-C	1095-PF-TZ-ISHENGOMA	Mkuzi-Muheza	Tanzania	-5.2410830000000015	38.82872	2013	ERR405239	PE0098-C	EAF	86.3	True	Analysis_set	False
PF0074-C	1017-PF-GH-AMENGA-ETEGO	Navrongo	Ghana	10.885568	-1.086617	2009	ERR018975	PF0074-C	WAF	88.76	True	Analysis_set	False
PH0109-C	1031-PF-SEA-PLOWE	Pailin	Cambodia	12.899497	102.629356	2009	ERR022517	PH0109-C	ESEA	83.49	True	Analysis_set	False
PM0090-C	1001-PF-ML-DJIMDE	Kolle	Mali	12.5546	-7.99805	2007	ERR015325	PM0090-C	WAF	72.56	True	Analysis_set	False
PN0058-Cx	1021-PF-PG-MUELLER	Madang	Papua New Guinea	-5.231136	145.78714399999996	2009	ERR175542	PN0058-Cx	OCE	89.4	True	Analysis_set	False
PP0027-C	1145-PF-PE-GAMBOA	Loreto	Peru	-4.232469999999998	-74.21793000000002	2009	ERR590552	PP0027-C	SAM	88.67	True	Analysis_set	False
PR0120-C	1052-PF-TRAC-WHITE	Ramu	Bangladesh	21.43199	92.101	2012	ERR216534	PR0120-C	SAS	89.73	True	Analysis_set	False
PT0052-C	1022-PF-MW-OCHOLLA	Chikwawa	Malawi	-16.193575	34.7715	2011	ERR114392	PT0052-C	EAF	90.45	True	Analysis_set	False
PV0084-C	1008-PF-SEA-RINGWALD	Phuoc Long	Viet Nam	10.81366	106.778	2010	ERR126371	PV0084-C	ESEA	90.65	True	Analysis_set	False
QC0135-C	1008-PF-SEA-RINGWALD	Kawthaung	Myanmar	9.997929	98.547649	2011	ERR126548	QC0135-C	WSEA	89.5	True	Analysis_set	False
QE0374-C	1008-PF-SEA-RINGWALD	Xepon	Laos	16.698683	106.206622	2010	ERR126368	QE0374-C	ESEA	89.77	True	Analysis_set	False
QG0060-C	1101-PF-CD-ONYAMBOKO	Kinshasa	Congo DR	-4.36939	15.320977	2012	ERR377599	QG0060-C	CAF	86.77	True	Analysis_set	False
QJ0169-C	1103-PF-PDN-GMSN-NGWA	Bagdary	Nigeria	6.4150199999999975	2.88132	2014	ERR1172611	QJ0169-C	WAF	88.83	True	Analysis_set	False
QM0134-C	1102-PF-MG-RANDRIANARIVELOJOSIA	Antsohihy	Madagascar	-14.885129999999998	47.99607	2014	ERR590536	QM0134-C	EAF	90.44	True	Analysis_set	False
QP0039-C	1093-PF-CM-APINJOH	Buea	Cameroon	4.1463800000000015	9.245531	2013	ERR580512	QP0039-C	WAF	89.9	True	Analysis_set	False
QQ0070-C	1100-PF-CI-YAVO	Abobo	Ivory Coast	5.41613	-4.0159	2013	ERR636462	QQ0070-C	WAF	89.76	True	Analysis_set	False
QS0170-C	1098-PF-ET-GOLASSA	Shewa Robit Town Health Centre	Ethiopia	9.991534199999998	39.9016142	2015	ERR1106590	QS0170-C	EAF	88.81	True	Analysis_set	False
QT0028-CW5	1131-PF-BJ-BERTIN	Homel	Benin	6.3607027	2.4381709	2014	ERR924976	QT0028-CW4,QT0028-CW5,QT0028-CW6,QT0028-CW7	WAF	90.13	True	Analysis_set	False
QV0039-C	1135-PF-SN-CONWAY	Pikine	Senegal	14.75894	-17.39375	2013	ERR912920	QV0039-C	WAF	88.23	True	Analysis_set	False
FP0057-C	1147-PF-MR-CONWAY	Selibaby	Mauritania	15.15874	-12.34639	2014	ERR1081266	FP0057-C	WAF	86.43	True	Analysis_set	False
PA0038-C	1006-PF-GM-CONWAY	Brikama	Gambia	13.27479	-16.64092	2008	ERR018944	PA0038-C	WAF	89.49	True	Analysis_set	False
PA0172-C	1026-PF-GN-CONWAY	Nzerekore	Guinea	7.753857000000001	-8.818703	2011	ERR063596	PA0172-C	WAF	90.42	True	Analysis_set	False
PC0068-C	1015-PF-KE-NZILA	Kilifi	Kenya	-3.625127	39.861088	2007	ERR012381,ERR012518	PC0068-C	EAF	86.61	True	Analysis_set	False
